Top pages,Clicks,Impressions,CTR,Position
https://ukplanningguide.co.uk/permitted-development/north-yorkshire/,18,448,4.02%,8.14
https://ukplanningguide.co.uk/fences-and-walls/county-durham/durham/,17,266,6.39%,5.97
https://ukplanningguide.co.uk/driveways/yorkshire/east-riding-of-yorkshire/,16,531,3.01%,8.02
https://ukplanningguide.co.uk/fences-and-walls/hampshire/new-forest/,15,208,7.21%,5.94
https://ukplanningguide.co.uk/driveways/yorkshire/leeds/,14,616,2.27%,18.85
https://ukplanningguide.co.uk/fences-and-walls/yorkshire/east-riding-of-yorkshire/,14,304,4.61%,5.22
https://ukplanningguide.co.uk/councils/aberdeen-city/,13,1551,0.84%,11.11
https://ukplanningguide.co.uk/fences-and-walls/tyne-and-wear/south-tyneside/height-limits/,13,179,7.26%,6.26
https://ukplanningguide.co.uk/article-4/huntingdonshire/,13,54,24.07%,5.8
https://ukplanningguide.co.uk/conservation-areas/leeds/,12,694,1.73%,9.3
https://ukplanningguide.co.uk/fences-and-walls/greater-london/merton/,12,470,2.55%,7.92
https://ukplanningguide.co.uk/permitted-development/mid-sussex/,12,420,2.86%,11.43
https://ukplanningguide.co.uk/fences-and-walls/yorkshire/kirklees/,12,254,4.72%,6
https://ukplanningguide.co.uk/fences-and-walls/greater-london/bexley/,12,241,4.98%,8.02
https://ukplanningguide.co.uk/fences-and-walls/hertfordshire/east-hertfordshire/,12,92,13.04%,4.49
https://ukplanningguide.co.uk/dropped-kerbs/buckinghamshire/buckinghamshire/,11,383,2.87%,8.49
https://ukplanningguide.co.uk/fences-and-walls/greater-london/richmond-upon-thames/,11,286,3.85%,13.06
https://ukplanningguide.co.uk/fences-and-walls/yorkshire/north-yorkshire/,11,143,7.69%,6.8
https://ukplanningguide.co.uk/article-4/woking/,11,58,18.97%,4.09
https://ukplanningguide.co.uk/councils/sheffield/,10,3108,0.32%,12.71
https://ukplanningguide.co.uk/change-of-use/county-durham/durham/planning-permission/,10,354,2.82%,13.13
https://ukplanningguide.co.uk/outbuildings/essex/epping-forest/,10,273,3.66%,7.42
https://ukplanningguide.co.uk/fences-and-walls/greater-london/ealing/,10,217,4.61%,12.21
https://ukplanningguide.co.uk/fences-and-walls/buckinghamshire/buckinghamshire/,10,190,5.26%,8.17
https://ukplanningguide.co.uk/fences-and-walls/suffolk/west-suffolk/,10,137,7.3%,5.73
https://ukplanningguide.co.uk/fences-and-walls/devon/east-devon/maximum-height/,10,46,21.74%,4.46
https://ukplanningguide.co.uk/permitted-development/falkirk/,9,355,2.54%,16.04
https://ukplanningguide.co.uk/garden-rooms/greater-london/ealing/,9,344,2.62%,7.32
https://ukplanningguide.co.uk/fences-and-walls/wales/caerphilly/,9,223,4.04%,7.86
https://ukplanningguide.co.uk/outbuildings/scotland/perth-and-kinross/,9,219,4.11%,9.38
https://ukplanningguide.co.uk/dropped-kerbs/scotland/argyll-and-bute/,9,134,6.72%,6.21
https://ukplanningguide.co.uk/solar-panels/yorkshire/north-yorkshire/boundary-rules/,9,112,8.04%,5.38
https://ukplanningguide.co.uk/change-of-use/norfolk/north-norfolk/,9,111,8.11%,8.95
https://ukplanningguide.co.uk/fences-and-walls/yorkshire/calderdale/maximum-height/,9,101,8.91%,3.74
https://ukplanningguide.co.uk/fences-and-walls/greater-london/lambeth/maximum-height/,9,94,9.57%,8.29
https://ukplanningguide.co.uk/garden-rooms/hertfordshire/dacorum/planning-permission/,9,35,25.71%,4.03
https://ukplanningguide.co.uk/change-of-use/yorkshire/east-riding-of-yorkshire/,8,349,2.29%,12.88
https://ukplanningguide.co.uk/permitted-development/south-oxfordshire/,8,337,2.37%,16.37
https://ukplanningguide.co.uk/article-4/harrow/,8,321,2.49%,7.72
https://ukplanningguide.co.uk/garden-rooms/greater-london/bexley/,8,240,3.33%,17.15
https://ukplanningguide.co.uk/permitted-development/harrow/,8,230,3.48%,16.39
https://ukplanningguide.co.uk/fences-and-walls/bedfordshire/luton/,8,181,4.42%,8.62
https://ukplanningguide.co.uk/outbuildings/greater-london/havering/,8,163,4.91%,6.16
https://ukplanningguide.co.uk/fences-and-walls/scotland/perth-and-kinross/,8,158,5.06%,8.49
https://ukplanningguide.co.uk/permitted-development/west-oxfordshire/,8,158,5.06%,12.99
https://ukplanningguide.co.uk/fences-and-walls/yorkshire/kirklees/boundary-rules/,8,157,5.1%,5.61
https://ukplanningguide.co.uk/outbuildings/yorkshire/sheffield/,8,154,5.19%,12.21
https://ukplanningguide.co.uk/garden-rooms/greater-london/haringey/,8,110,7.27%,6.49
https://ukplanningguide.co.uk/garden-rooms/hertfordshire/dacorum/,8,107,7.48%,5.66
https://ukplanningguide.co.uk/permitted-development/stratford-on-avon/,8,106,7.55%,6.52
https://ukplanningguide.co.uk/solar-panels/gloucestershire/stroud/,8,86,9.3%,22.66
https://ukplanningguide.co.uk/fences-and-walls/greater-london/lewisham/maximum-height/,8,80,10%,4.05
https://ukplanningguide.co.uk/fences-and-walls/west-sussex/arun/,8,80,10%,12.99
https://ukplanningguide.co.uk/permitted-development/basildon/,8,56,14.29%,8.38
https://ukplanningguide.co.uk/solar-panels/devon/teignbridge/,7,269,2.6%,12.95
https://ukplanningguide.co.uk/planning-permission/perth-and-kinross/,7,268,2.61%,8.13
https://ukplanningguide.co.uk/fences-and-walls/yorkshire/leeds/,7,264,2.65%,7.64
https://ukplanningguide.co.uk/fences-and-walls/greater-london/hackney/,7,216,3.24%,8.18
https://ukplanningguide.co.uk/outbuildings/surrey/reigate-and-banstead/,7,216,3.24%,13.85
https://ukplanningguide.co.uk/permitted-development/lewes/,7,201,3.48%,7.58
https://ukplanningguide.co.uk/garden-rooms/wiltshire/wiltshire/,7,179,3.91%,6.35
https://ukplanningguide.co.uk/fences-and-walls/greater-london/redbridge/,7,179,3.91%,6.88
https://ukplanningguide.co.uk/driveways/tyne-and-wear/south-tyneside/,7,162,4.32%,8.77
https://ukplanningguide.co.uk/fences-and-walls/greater-london/bexley/height-limits/,7,160,4.38%,4.96
https://ukplanningguide.co.uk/agricultural-buildings/wales/powys/,7,159,4.4%,29.68
https://ukplanningguide.co.uk/driveways/oxfordshire/oxford/,7,147,4.76%,10.25
https://ukplanningguide.co.uk/outbuildings/yorkshire/north-yorkshire/,7,116,6.03%,8.61
https://ukplanningguide.co.uk/fences-and-walls/greater-london/bromley/maximum-height/,7,107,6.54%,5.11
https://ukplanningguide.co.uk/fences-and-walls/warwickshire/rugby/,7,103,6.8%,10.83
https://ukplanningguide.co.uk/outbuildings/greater-london/croydon/boundary-rules/,7,101,6.93%,5.64
https://ukplanningguide.co.uk/fences-and-walls/scotland/east-dunbartonshire/,7,88,7.95%,6.74
https://ukplanningguide.co.uk/fences-and-walls/west-sussex/chichester/,7,73,9.59%,9.25
https://ukplanningguide.co.uk/fences-and-walls/greater-london/greenwich/,7,66,10.61%,5.21
https://ukplanningguide.co.uk/fences-and-walls/greater-london/islington/height-limits/,7,56,12.5%,7.11
https://ukplanningguide.co.uk/solar-panels/shropshire/,7,50,14%,9.08
https://ukplanningguide.co.uk/garden-rooms/greater-london/haringey/planning-permission/,7,40,17.5%,6.33
https://ukplanningguide.co.uk/councils/croydon/,6,1311,0.46%,15.98
https://ukplanningguide.co.uk/outbuildings/scotland/east-lothian/,6,520,1.15%,8.06
https://ukplanningguide.co.uk/hmos/greater-london/harrow/,6,440,1.36%,10.81
https://ukplanningguide.co.uk/permitted-development/north-northamptonshire/,6,408,1.47%,7.51
https://ukplanningguide.co.uk/house-extensions/devon/plymouth/,6,317,1.89%,18.2
https://ukplanningguide.co.uk/garden-rooms/warwickshire/warwick/,6,280,2.14%,20.5
https://ukplanningguide.co.uk/fences-and-walls/scotland/north-lanarkshire/,6,259,2.32%,6.33
https://ukplanningguide.co.uk/single-storey-extensions/yorkshire/rotherham/,6,259,2.32%,12.43
https://ukplanningguide.co.uk/driveways/greater-london/redbridge/,6,245,2.45%,9.41
https://ukplanningguide.co.uk/fences-and-walls/surrey/mole-valley/,6,239,2.51%,20.06
https://ukplanningguide.co.uk/driveways/devon/plymouth/,6,229,2.62%,7.23
https://ukplanningguide.co.uk/garden-rooms/cambridgeshire/cambridge/,6,223,2.69%,12.91
https://ukplanningguide.co.uk/outbuildings/worcestershire/bromsgrove/permitted-development/,6,217,2.76%,15.79
https://ukplanningguide.co.uk/permitted-development/wychavon/,6,213,2.82%,8.7
https://ukplanningguide.co.uk/fences-and-walls/wales/cardiff/,6,207,2.9%,6.34
https://ukplanningguide.co.uk/outbuildings/greater-london/greenwich/,6,192,3.12%,7.21
https://ukplanningguide.co.uk/fences-and-walls/yorkshire/sheffield/,6,191,3.14%,10.09
https://ukplanningguide.co.uk/permitted-development/rhondda-cynon-taf/,6,181,3.31%,8.64
https://ukplanningguide.co.uk/fences-and-walls/scotland/aberdeenshire/,6,164,3.66%,6.91
https://ukplanningguide.co.uk/driveways/greater-london/ealing/,6,163,3.68%,8.06
https://ukplanningguide.co.uk/outbuildings/yorkshire/east-riding-of-yorkshire/,6,159,3.77%,7.38
https://ukplanningguide.co.uk/change-of-use/lincolnshire/east-lindsey/,6,143,4.2%,10.38
https://ukplanningguide.co.uk/fences-and-walls/greater-london/bromley/,6,141,4.26%,6.58
https://ukplanningguide.co.uk/garden-rooms/east-sussex/wealden/,6,127,4.72%,5.98
https://ukplanningguide.co.uk/conservation-areas/east-lothian/,6,121,4.96%,11.46
https://ukplanningguide.co.uk/windows-and-doors/greater-london/lewisham/,6,116,5.17%,8.49
https://ukplanningguide.co.uk/change-of-use/devon/east-devon/,6,116,5.17%,10.28
https://ukplanningguide.co.uk/conservation-areas/perth-and-kinross/,6,108,5.56%,6.71
https://ukplanningguide.co.uk/fences-and-walls/northamptonshire/north-northamptonshire/height-limits/,6,105,5.71%,5.65
https://ukplanningguide.co.uk/outbuildings/greater-london/hounslow/,6,105,5.71%,9.5
https://ukplanningguide.co.uk/outbuildings/greater-london/barnet/,6,96,6.25%,7.36
https://ukplanningguide.co.uk/change-of-use/northamptonshire/north-northamptonshire/planning-permission/,6,89,6.74%,20.53
https://ukplanningguide.co.uk/driveways/yorkshire/east-riding-of-yorkshire/planning-permission/,6,88,6.82%,8.3
https://ukplanningguide.co.uk/height-limits/cornwall/,6,87,6.9%,10.06
https://ukplanningguide.co.uk/outbuildings/hertfordshire/three-rivers/,6,78,7.69%,7.29
https://ukplanningguide.co.uk/driveways/hertfordshire/welwyn-hatfield/,6,72,8.33%,6.6
https://ukplanningguide.co.uk/outbuildings/tyne-and-wear/south-tyneside/,6,71,8.45%,6.34
https://ukplanningguide.co.uk/garage-conversions/greater-london/bexley/,6,69,8.7%,10.7
https://ukplanningguide.co.uk/heat-pumps/oxfordshire/west-oxfordshire/permitted-development/,6,50,12%,7.26
https://ukplanningguide.co.uk/boundary-rules/basildon/,6,50,12%,7.32
https://ukplanningguide.co.uk/fences-and-walls/cambridgeshire/huntingdonshire/,6,47,12.77%,3.68
https://ukplanningguide.co.uk/fences-and-walls/staffordshire/tamworth/article-4/,6,44,13.64%,6.93
https://ukplanningguide.co.uk/heat-pumps/berkshire/west-berkshire/,6,39,15.38%,5.13
https://ukplanningguide.co.uk/heat-pumps/greater-london/haringey/,6,32,18.75%,5.09
https://ukplanningguide.co.uk/fences-and-walls/nottinghamshire/bassetlaw/,6,29,20.69%,4.72
https://ukplanningguide.co.uk/fences-and-walls/nottinghamshire/bassetlaw/maximum-height/,6,27,22.22%,3.37
https://ukplanningguide.co.uk/conservation-areas/glasgow-city/,5,2819,0.18%,8.41
https://ukplanningguide.co.uk/permitted-development/lewisham/,5,400,1.25%,21.89
https://ukplanningguide.co.uk/permitted-development/torbay/,5,312,1.6%,8.88
https://ukplanningguide.co.uk/councils/stroud/,5,286,1.75%,8.7
https://ukplanningguide.co.uk/outbuildings/norfolk/south-norfolk/,5,276,1.81%,11.35
https://ukplanningguide.co.uk/hmos/bedfordshire/luton/,5,265,1.89%,7.47
https://ukplanningguide.co.uk/planning-permission/three-rivers/,5,244,2.05%,17.71
https://ukplanningguide.co.uk/garage-conversions/northamptonshire/west-northamptonshire/planning-permission/,5,231,2.16%,8.86
https://ukplanningguide.co.uk/permitted-development/oadby-and-wigston/,5,218,2.29%,17.18
https://ukplanningguide.co.uk/annexes/dorset/bournemouth-christchurch-and-poole/,5,214,2.34%,20.04
https://ukplanningguide.co.uk/fences-and-walls/greater-london/croydon/planning-permission/,5,179,2.79%,7.98
https://ukplanningguide.co.uk/hmos/surrey/epsom-and-ewell/,5,177,2.82%,8.92
https://ukplanningguide.co.uk/fences-and-walls/scotland/glasgow-city/,5,175,2.86%,6.98
https://ukplanningguide.co.uk/fences-and-walls/worcestershire/redditch/planning-permission/,5,170,2.94%,28.88
https://ukplanningguide.co.uk/planning-permission/runnymede/,5,169,2.96%,12.27
https://ukplanningguide.co.uk/fences-and-walls/greater-london/newham/,5,166,3.01%,10.05
https://ukplanningguide.co.uk/outbuildings/wales/carmarthenshire/,5,160,3.12%,7.85
https://ukplanningguide.co.uk/fences-and-walls/greater-london/sutton/,5,150,3.33%,5.69
https://ukplanningguide.co.uk/fences-and-walls/greater-london/brent/boundary-rules/,5,150,3.33%,11.55
https://ukplanningguide.co.uk/driveways/yorkshire/north-yorkshire/,5,145,3.45%,11.45
https://ukplanningguide.co.uk/fences-and-walls/devon/exeter/,5,136,3.68%,8.11
https://ukplanningguide.co.uk/article-4/tunbridge-wells/,5,121,4.13%,6.75
https://ukplanningguide.co.uk/permitted-development/east-devon/,5,120,4.17%,7.65
https://ukplanningguide.co.uk/annexes/greater-london/ealing/,5,120,4.17%,11.82
https://ukplanningguide.co.uk/fences-and-walls/staffordshire/stoke-on-trent/,5,119,4.2%,6.91
https://ukplanningguide.co.uk/dormer-extensions/yorkshire/leeds/,5,117,4.27%,10.06
https://ukplanningguide.co.uk/outbuildings/yorkshire/leeds/,5,116,4.31%,8.1
https://ukplanningguide.co.uk/garden-rooms/gloucestershire/cheltenham/,5,116,4.31%,17.72
https://ukplanningguide.co.uk/hmos/scotland/city-of-edinburgh/,5,105,4.76%,8.22
https://ukplanningguide.co.uk/house-extensions/worcestershire/worcester/boundary-rules/,5,101,4.95%,34.03
https://ukplanningguide.co.uk/fences-and-walls/devon/plymouth/,5,100,5%,4.34
https://ukplanningguide.co.uk/height-limits/hillingdon/,5,99,5.05%,6.83
https://ukplanningguide.co.uk/fences-and-walls/greater-london/redbridge/height-limits/,5,97,5.15%,6.36
https://ukplanningguide.co.uk/fences-and-walls/staffordshire/stoke-on-trent/maximum-height/,5,88,5.68%,4.74
https://ukplanningguide.co.uk/porches/yorkshire/leeds/planning-permission/,5,87,5.75%,13.7
https://ukplanningguide.co.uk/solar-panels/scotland/moray/,5,87,5.75%,15.32
https://ukplanningguide.co.uk/permitted-development/wealden/,5,86,5.81%,6.73
https://ukplanningguide.co.uk/dropped-kerbs/scotland/perth-and-kinross/,5,84,5.95%,5.25
https://ukplanningguide.co.uk/article-4/cardiff/,5,77,6.49%,13.29
https://ukplanningguide.co.uk/fences-and-walls/greater-london/harrow/height-limits/,5,76,6.58%,6.64
https://ukplanningguide.co.uk/fences-and-walls/county-durham/durham/maximum-height/,5,75,6.67%,7.12
https://ukplanningguide.co.uk/fences-and-walls/oxfordshire/west-oxfordshire/planning-permission/,5,75,6.67%,8.44
https://ukplanningguide.co.uk/permitted-development/tandridge/,5,72,6.94%,7.99
https://ukplanningguide.co.uk/fences-and-walls/devon/plymouth/article-4/,5,68,7.35%,7.01
https://ukplanningguide.co.uk/fences-and-walls/cambridgeshire/peterborough/,5,67,7.46%,5.49
https://ukplanningguide.co.uk/fences-and-walls/essex/chelmsford/maximum-height/,5,67,7.46%,7.16
https://ukplanningguide.co.uk/fences-and-walls/greater-london/lewisham/,5,67,7.46%,8.34
https://ukplanningguide.co.uk/fences-and-walls/greater-london/redbridge/maximum-height/,5,67,7.46%,9.99
https://ukplanningguide.co.uk/change-of-use/yorkshire/stockton-on-tees/,5,66,7.58%,7.94
https://ukplanningguide.co.uk/dropped-kerbs/staffordshire/newcastle-under-lyme/boundary-rules/,5,63,7.94%,6.94
https://ukplanningguide.co.uk/conservation-areas/newark-and-sherwood/,5,63,7.94%,19.81
https://ukplanningguide.co.uk/fences-and-walls/greater-london/havering/,5,60,8.33%,5.68
https://ukplanningguide.co.uk/permitted-development/dacorum/,5,59,8.47%,7.1
https://ukplanningguide.co.uk/change-of-use/scotland/aberdeen-city/planning-permission/,5,57,8.77%,7.3
https://ukplanningguide.co.uk/garages/buckinghamshire/buckinghamshire/,5,57,8.77%,7.44
https://ukplanningguide.co.uk/fences-and-walls/berkshire/west-berkshire/planning-permission/,5,56,8.93%,5.66
https://ukplanningguide.co.uk/garden-rooms/greater-london/wandsworth/,5,56,8.93%,6.16
https://ukplanningguide.co.uk/article-4/colchester/,5,52,9.62%,6.1
https://ukplanningguide.co.uk/outbuildings/worcestershire/wychavon/,5,51,9.8%,6.76
https://ukplanningguide.co.uk/change-of-use/yorkshire/calderdale/,5,50,10%,8.34
https://ukplanningguide.co.uk/outbuildings/hertfordshire/welwyn-hatfield/,5,50,10%,9.16
https://ukplanningguide.co.uk/fences-and-walls/greater-london/merton/maximum-height/,5,48,10.42%,4.44
https://ukplanningguide.co.uk/garden-rooms/greater-london/redbridge/,5,46,10.87%,9.93
https://ukplanningguide.co.uk/garden-rooms/bedfordshire/bedford/,5,43,11.63%,5.4
https://ukplanningguide.co.uk/fences-and-walls/hampshire/gosport/,5,42,11.9%,5.6
https://ukplanningguide.co.uk/fences-and-walls/lincolnshire/south-kesteven/,5,41,12.2%,4.32
https://ukplanningguide.co.uk/solar-panels/devon/south-hams/permitted-development/,5,40,12.5%,3.62
https://ukplanningguide.co.uk/solar-panels/scotland/glasgow-city/,5,40,12.5%,5.5
https://ukplanningguide.co.uk/fences-and-walls/hertfordshire/north-hertfordshire/height-limits/,5,38,13.16%,4.66
https://ukplanningguide.co.uk/article-4/cherwell/,5,38,13.16%,5
https://ukplanningguide.co.uk/article-4/east-staffordshire/,5,38,13.16%,6.18
https://ukplanningguide.co.uk/solar-panels/essex/colchester/,5,35,14.29%,9.46
https://ukplanningguide.co.uk/fences-and-walls/derbyshire/erewash/boundary-rules/,5,33,15.15%,4.09
https://ukplanningguide.co.uk/fences-and-walls/west-sussex/horsham/,5,33,15.15%,5.21
https://ukplanningguide.co.uk/england/projects/garden-rooms/bromley/,5,33,15.15%,16.88
https://ukplanningguide.co.uk/fences-and-walls/greater-london/brent/height-limits/,5,32,15.62%,5.41
https://ukplanningguide.co.uk/agricultural-buildings/wales/gwynedd/,5,32,15.62%,5.94
https://ukplanningguide.co.uk/garages/devon/east-devon/,5,27,18.52%,5.67
https://ukplanningguide.co.uk/porches/tyne-and-wear/north-tyneside/planning-permission/,5,25,20%,4.36
https://ukplanningguide.co.uk/windows-and-doors/hertfordshire/three-rivers/,5,21,23.81%,4
https://ukplanningguide.co.uk/dropped-kerbs/devon/plymouth/,4,648,0.62%,13.8
https://ukplanningguide.co.uk/driveways/greater-london/barking-and-dagenham/,4,513,0.78%,15.19
https://ukplanningguide.co.uk/conservation-areas/haringey/,4,503,0.8%,9.69
https://ukplanningguide.co.uk/permitted-development/south-hams/,4,469,0.85%,26.19
https://ukplanningguide.co.uk/hmos/staffordshire/east-staffordshire/,4,326,1.23%,5.26
https://ukplanningguide.co.uk/outbuildings/kent/sevenoaks/,4,296,1.35%,30.45
https://ukplanningguide.co.uk/garden-rooms/dorset/bournemouth-christchurch-and-poole/,4,273,1.47%,25.5
https://ukplanningguide.co.uk/outbuildings/greater-london/kingston-upon-thames/,4,267,1.5%,26.16
https://ukplanningguide.co.uk/change-of-use/suffolk/east-suffolk/,4,263,1.52%,6.27
https://ukplanningguide.co.uk/conservation-areas/ealing/,4,258,1.55%,9.61
https://ukplanningguide.co.uk/garage-conversions/surrey/guildford/planning-permission/,4,248,1.61%,21.63
https://ukplanningguide.co.uk/outbuildings/scotland/midlothian/,4,235,1.7%,8.01
https://ukplanningguide.co.uk/temporary-buildings/scotland/highland/,4,223,1.79%,12.37
https://ukplanningguide.co.uk/permitted-development/epping-forest/,4,201,1.99%,6.89
https://ukplanningguide.co.uk/driveways/greater-london/lewisham/planning-permission/,4,201,1.99%,16.97
https://ukplanningguide.co.uk/garden-rooms/yorkshire/east-riding-of-yorkshire/,4,194,2.06%,12.19
https://ukplanningguide.co.uk/outbuildings/greater-london/redbridge/,4,176,2.27%,6.98
https://ukplanningguide.co.uk/driveways/derbyshire/derby/,4,172,2.33%,9.78
https://ukplanningguide.co.uk/driveways/buckinghamshire/milton-keynes/,4,171,2.34%,9.67
https://ukplanningguide.co.uk/height-limits/pembrokeshire-coast-national-park/,4,165,2.42%,8.28
https://ukplanningguide.co.uk/article-4/cambridge/,4,165,2.42%,28.45
https://ukplanningguide.co.uk/outbuildings/scotland/perth-and-kinross/permitted-development/,4,159,2.52%,14.25
https://ukplanningguide.co.uk/councils/north-kesteven/,4,155,2.58%,9.49
https://ukplanningguide.co.uk/garden-rooms/greater-london/bromley/planning-permission/,4,149,2.68%,9.26
https://ukplanningguide.co.uk/fences-and-walls/derbyshire/chesterfield/,4,146,2.74%,11.76
https://ukplanningguide.co.uk/fences-and-walls/suffolk/east-suffolk/height-limits/,4,139,2.88%,4.47
https://ukplanningguide.co.uk/fences-and-walls/yorkshire/leeds/maximum-height/,4,138,2.9%,7.07
https://ukplanningguide.co.uk/driveways/greater-london/waltham-forest/,4,138,2.9%,7.42
https://ukplanningguide.co.uk/outbuildings/somerset/bath-and-north-east-somerset/,4,138,2.9%,9.57
https://ukplanningguide.co.uk/fences-and-walls/greater-london/islington/,4,138,2.9%,11.46
https://ukplanningguide.co.uk/permitted-development/east-suffolk/,4,135,2.96%,7.96
https://ukplanningguide.co.uk/conservation-areas/wokingham/,4,130,3.08%,7.88
https://ukplanningguide.co.uk/planning-permission/southampton/,4,129,3.1%,12.62
https://ukplanningguide.co.uk/garden-rooms/greater-london/islington/planning-permission/,4,127,3.15%,9.29
https://ukplanningguide.co.uk/garage-conversions/berkshire/reading/,4,125,3.2%,12.52
https://ukplanningguide.co.uk/permitted-development/stockton-on-tees/,4,122,3.28%,7.51
https://ukplanningguide.co.uk/permitted-development/three-rivers/,4,121,3.31%,8.45
https://ukplanningguide.co.uk/permitted-development/basingstoke-and-deane/,4,117,3.42%,8.32
https://ukplanningguide.co.uk/outbuildings/yorkshire/calderdale/,4,116,3.45%,8.13
https://ukplanningguide.co.uk/fences-and-walls/yorkshire/sheffield/maximum-height/,4,115,3.48%,6.29
https://ukplanningguide.co.uk/fences-and-walls/greater-london/enfield/maximum-height/,4,115,3.48%,8.51
https://ukplanningguide.co.uk/hmos/wales/cardiff/,4,112,3.57%,9.21
https://ukplanningguide.co.uk/hmos/hertfordshire/watford/,4,111,3.6%,7.61
https://ukplanningguide.co.uk/outbuildings/greater-london/harrow/,4,110,3.64%,7.35
https://ukplanningguide.co.uk/fences-and-walls/tyne-and-wear/north-tyneside/maximum-height/,4,109,3.67%,5.39
https://ukplanningguide.co.uk/driveways/greater-london/hillingdon/planning-permission/,4,107,3.74%,8.31
https://ukplanningguide.co.uk/fences-and-walls/greater-london/barnet/,4,105,3.81%,6.43
https://ukplanningguide.co.uk/permitted-development/winchester/,4,105,3.81%,8.83
https://ukplanningguide.co.uk/solar-panels/northumberland/northumberland/,4,104,3.85%,5.75
https://ukplanningguide.co.uk/driveways/devon/south-hams/,4,103,3.88%,12.42
https://ukplanningguide.co.uk/permitted-development/epsom-and-ewell/,4,102,3.92%,6.98
https://ukplanningguide.co.uk/outbuildings/greater-london/barking-and-dagenham/,4,100,4%,7.59
https://ukplanningguide.co.uk/dropped-kerbs/wales/vale-of-glamorgan/,4,98,4.08%,7.17
https://ukplanningguide.co.uk/outbuildings/wales/monmouthshire/,4,98,4.08%,7.49
https://ukplanningguide.co.uk/change-of-use/scotland/perth-and-kinross/,4,97,4.12%,11.24
https://ukplanningguide.co.uk/permitted-development/wokingham/,4,94,4.26%,7.62
https://ukplanningguide.co.uk/fences-and-walls/greater-london/wandsworth/,4,92,4.35%,6.58
https://ukplanningguide.co.uk/porches/greater-london/barnet/planning-permission/,4,91,4.4%,7.98
https://ukplanningguide.co.uk/porches/yorkshire/rotherham/,4,90,4.44%,7.99
https://ukplanningguide.co.uk/garden-rooms/somerset/bath-and-north-east-somerset/,4,89,4.49%,10.64
https://ukplanningguide.co.uk/article-4/epsom-and-ewell/,4,88,4.55%,6.3
https://ukplanningguide.co.uk/outbuildings/oxfordshire/oxford/,4,88,4.55%,7.59
https://ukplanningguide.co.uk/fences-and-walls/yorkshire/wakefield/,4,86,4.65%,6.8
https://ukplanningguide.co.uk/fences-and-walls/surrey/elmbridge/planning-permission/,4,85,4.71%,5.51
https://ukplanningguide.co.uk/change-of-use/warwickshire/nuneaton-and-bedworth/,4,84,4.76%,10.38
https://ukplanningguide.co.uk/outbuildings/east-sussex/brighton-and-hove/planning-permission/,4,82,4.88%,7.16
https://ukplanningguide.co.uk/outbuildings/tyne-and-wear/north-tyneside/,4,82,4.88%,15.09
https://ukplanningguide.co.uk/windows-and-doors/somerset/bath-and-north-east-somerset/,4,82,4.88%,25.74
https://ukplanningguide.co.uk/fences-and-walls/east-sussex/brighton-and-hove/,4,80,5%,6.3
https://ukplanningguide.co.uk/driveways/scotland/fife/,4,80,5%,7.19
https://ukplanningguide.co.uk/conservation-areas/north-norfolk/,4,79,5.06%,9.19
https://ukplanningguide.co.uk/annexes/wales/powys/,4,78,5.13%,25.18
https://ukplanningguide.co.uk/garden-rooms/greater-london/hackney/permitted-development/,4,77,5.19%,5.13
https://ukplanningguide.co.uk/outbuildings/devon/south-hams/,4,75,5.33%,12.32
https://ukplanningguide.co.uk/fences-and-walls/suffolk/ipswich/,4,72,5.56%,5.93
https://ukplanningguide.co.uk/driveways/gloucestershire/cheltenham/,4,72,5.56%,13.39
https://ukplanningguide.co.uk/garden-rooms/greater-london/harrow/,4,71,5.63%,12.07
https://ukplanningguide.co.uk/solar-panels/surrey/elmbridge/,4,70,5.71%,5.66
https://ukplanningguide.co.uk/hmos/scotland/south-ayrshire/,4,69,5.8%,6.09
https://ukplanningguide.co.uk/driveways/northamptonshire/west-northamptonshire/planning-permission/,4,69,5.8%,7.72
https://ukplanningguide.co.uk/hmos/essex/basildon/planning-permission/,4,68,5.88%,6.21
https://ukplanningguide.co.uk/outbuildings/yorkshire/stockton-on-tees/,4,67,5.97%,8.61
https://ukplanningguide.co.uk/change-of-use/surrey/surrey-heath/,4,66,6.06%,32.95
https://ukplanningguide.co.uk/garages/hampshire/new-forest/,4,65,6.15%,6.34
https://ukplanningguide.co.uk/article-4/powys/,4,65,6.15%,31.95
https://ukplanningguide.co.uk/porches/greater-london/harrow/,4,64,6.25%,5.14
https://ukplanningguide.co.uk/garages/yorkshire/kirklees/,4,64,6.25%,6.42
https://ukplanningguide.co.uk/article-4/stroud/,4,64,6.25%,7.53
https://ukplanningguide.co.uk/garden-rooms/greater-london/bromley/height-limits/,4,63,6.35%,7.3
https://ukplanningguide.co.uk/change-of-use/derbyshire/south-derbyshire/,4,63,6.35%,7.97
https://ukplanningguide.co.uk/garden-rooms/nottinghamshire/rushcliffe/planning-permission/,4,62,6.45%,5.98
https://ukplanningguide.co.uk/driveways/greater-london/waltham-forest/boundary-rules/,4,62,6.45%,11.45
https://ukplanningguide.co.uk/permitted-development/torfaen/,4,60,6.67%,6.57
https://ukplanningguide.co.uk/fences-and-walls/scotland/east-renfrewshire/boundary-rules/,4,60,6.67%,26.25
https://ukplanningguide.co.uk/fences-and-walls/yorkshire/north-yorkshire/maximum-height/,4,58,6.9%,4.28
https://ukplanningguide.co.uk/fences-and-walls/scotland/angus/,4,58,6.9%,6.07
https://ukplanningguide.co.uk/driveways/county-durham/,4,56,7.14%,7.55
https://ukplanningguide.co.uk/fences-and-walls/warwickshire/nuneaton-and-bedworth/,4,56,7.14%,8.77
https://ukplanningguide.co.uk/boundary-rules/luton/,4,55,7.27%,6.8
https://ukplanningguide.co.uk/fences-and-walls/yorkshire/kirklees/height-limits/,4,54,7.41%,5.72
https://ukplanningguide.co.uk/article-4/gedling/,4,52,7.69%,6.23
https://ukplanningguide.co.uk/change-of-use/warwickshire/warwick/planning-permission/,4,52,7.69%,7.19
https://ukplanningguide.co.uk/heat-pumps/surrey/elmbridge/,4,51,7.84%,6.9
https://ukplanningguide.co.uk/heat-pumps/greater-london/wandsworth/,4,50,8%,4.86
https://ukplanningguide.co.uk/hmos/surrey/tandridge/,4,50,8%,6.64
https://ukplanningguide.co.uk/boundary-rules/wychavon/,4,50,8%,7.88
https://ukplanningguide.co.uk/permitted-development/watford/,4,48,8.33%,7.06
https://ukplanningguide.co.uk/dropped-kerbs/derbyshire/amber-valley/planning-permission/,4,47,8.51%,8.3
https://ukplanningguide.co.uk/porches/greater-london/bexley/planning-permission/,4,46,8.7%,5.85
https://ukplanningguide.co.uk/outbuildings/suffolk/mid-suffolk/,4,45,8.89%,6.6
https://ukplanningguide.co.uk/garden-rooms/yorkshire/bradford/,4,45,8.89%,8.89
https://ukplanningguide.co.uk/solar-panels/devon/torridge/,4,44,9.09%,7
https://ukplanningguide.co.uk/porches/greater-london/havering/,4,43,9.3%,5.65
https://ukplanningguide.co.uk/fences-and-walls/essex/basildon/maximum-height/,4,43,9.3%,6
https://ukplanningguide.co.uk/driveways/tyne-and-wear/gateshead/planning-permission/,4,43,9.3%,10.88
https://ukplanningguide.co.uk/fences-and-walls/cumbria/cumberland/,4,42,9.52%,4.67
https://ukplanningguide.co.uk/garden-rooms/yorkshire/sheffield/boundary-rules/,4,42,9.52%,5.74
https://ukplanningguide.co.uk/heat-pumps/greater-london/tower-hamlets/,4,42,9.52%,5.81
https://ukplanningguide.co.uk/outbuildings/greater-london/haringey/,4,42,9.52%,6.9
https://ukplanningguide.co.uk/fences-and-walls/staffordshire/newcastle-under-lyme/height-limits/,4,41,9.76%,2.41
https://ukplanningguide.co.uk/change-of-use/west-sussex/arun/,4,41,9.76%,9.68
https://ukplanningguide.co.uk/agricultural-buildings/wales/isle-of-anglesey/,4,40,10%,4.42
https://ukplanningguide.co.uk/height-limits/brent/,4,40,10%,6.22
https://ukplanningguide.co.uk/fences-and-walls/yorkshire/york/,4,38,10.53%,6.13
https://ukplanningguide.co.uk/fences-and-walls/greater-london/hounslow/boundary-rules/,4,38,10.53%,6.21
https://ukplanningguide.co.uk/fences-and-walls/kent/tunbridge-wells/maximum-height/,4,37,10.81%,4.35
https://ukplanningguide.co.uk/annexes/lincolnshire/east-lindsey/planning-permission-article-4/,4,37,10.81%,7.86
https://ukplanningguide.co.uk/dropped-kerbs/gloucestershire/stroud/boundary-rules/,4,37,10.81%,8.68
https://ukplanningguide.co.uk/outbuildings/essex/basildon/,4,35,11.43%,5.77
https://ukplanningguide.co.uk/garage-conversions/northamptonshire/,4,34,11.76%,9.62
https://ukplanningguide.co.uk/solar-panels/derbyshire/amber-valley/,4,33,12.12%,10.03
https://ukplanningguide.co.uk/solar-panels/northamptonshire/west-northamptonshire/,4,32,12.5%,5.16
https://ukplanningguide.co.uk/outbuildings/buckinghamshire/buckinghamshire/article-4/,4,32,12.5%,8.03
https://ukplanningguide.co.uk/annexes/yorkshire/york/,4,32,12.5%,46.03
https://ukplanningguide.co.uk/windows-and-doors/greater-london/havering/,4,31,12.9%,7.13
https://ukplanningguide.co.uk/fences-and-walls/lincolnshire/north-kesteven/height-limits/,4,30,13.33%,4.6
https://ukplanningguide.co.uk/fences-and-walls/devon/north-devon/,4,30,13.33%,5.07
https://ukplanningguide.co.uk/garden-rooms/somerset/somerset/permitted-development/,4,30,13.33%,8.9
https://ukplanningguide.co.uk/fences-and-walls/derbyshire/chesterfield/boundary-rules/,4,29,13.79%,5.79
https://ukplanningguide.co.uk/annexes/cambridgeshire/,4,29,13.79%,11.14
https://ukplanningguide.co.uk/solar-panels/greater-london/greenwich/permitted-development/,4,28,14.29%,15.57
https://ukplanningguide.co.uk/driveways/berkshire/slough/planning-permission/,4,27,14.81%,5.26
https://ukplanningguide.co.uk/fences-and-walls/hertfordshire/east-hertfordshire/maximum-height/,4,24,16.67%,5.79
https://ukplanningguide.co.uk/driveways/essex/maldon/planning-permission/,4,21,19.05%,4.57
https://ukplanningguide.co.uk/boundary-rules/newcastle-under-lyme/,4,21,19.05%,6.19
https://ukplanningguide.co.uk/fences-and-walls/nottinghamshire/rushcliffe/boundary-rules/,4,19,21.05%,5.58
https://ukplanningguide.co.uk/article-4/basildon/,4,18,22.22%,3.83
https://ukplanningguide.co.uk/solar-panels/scotland/south-lanarkshire/,4,15,26.67%,4.07
https://ukplanningguide.co.uk/height-limits/cheltenham/,4,13,30.77%,4.15
https://ukplanningguide.co.uk/garage-conversions/hampshire/basingstoke-and-deane/article-4/,4,12,33.33%,6
https://ukplanningguide.co.uk/two-storey-extensions/yorkshire/sheffield/,4,11,36.36%,7.73
https://ukplanningguide.co.uk/demolition/hertfordshire/hertsmere/boundary-rules/,4,8,50%,6.5
https://ukplanningguide.co.uk/hmos/leicestershire/oadby-and-wigston/,3,2406,0.12%,6.7
https://ukplanningguide.co.uk/councils/ealing/,3,912,0.33%,32.07
https://ukplanningguide.co.uk/planning-permission/sutton/,3,678,0.44%,25.48
https://ukplanningguide.co.uk/conservation-areas/portsmouth/,3,428,0.7%,8.44
https://ukplanningguide.co.uk/hmos/greater-london/hillingdon/,3,416,0.72%,10.63
https://ukplanningguide.co.uk/change-of-use/wales/cardiff/,3,388,0.77%,45.22
https://ukplanningguide.co.uk/driveways/yorkshire/bradford/,3,382,0.79%,9.55
https://ukplanningguide.co.uk/councils/denbighshire/,3,353,0.85%,14.88
https://ukplanningguide.co.uk/planning-permission/uttlesford/,3,330,0.91%,14.44
https://ukplanningguide.co.uk/garden-rooms/kent/sevenoaks/,3,326,0.92%,28.06
https://ukplanningguide.co.uk/planning-permission/spelthorne/,3,325,0.92%,8.75
https://ukplanningguide.co.uk/planning-permission/fareham/,3,311,0.96%,8.11
https://ukplanningguide.co.uk/dropped-kerbs/gloucestershire/cheltenham/planning-permission/,3,259,1.16%,22.42
https://ukplanningguide.co.uk/dropped-kerbs/staffordshire/stoke-on-trent/,3,254,1.18%,20.26
https://ukplanningguide.co.uk/dropped-kerbs/kent/gravesham/,3,246,1.22%,8.63
https://ukplanningguide.co.uk/dropped-kerbs/greater-london/city-of-london/,3,245,1.22%,11.63
https://ukplanningguide.co.uk/dropped-kerbs/yorkshire/north-yorkshire/,3,244,1.23%,8.61
https://ukplanningguide.co.uk/change-of-use/shropshire/telford-and-wrekin/,3,236,1.27%,8.39
https://ukplanningguide.co.uk/planning-permission/redbridge/,3,234,1.28%,15.79
https://ukplanningguide.co.uk/fences-and-walls/scotland/fife/,3,226,1.33%,7.43
https://ukplanningguide.co.uk/permitted-development/new-forest/,3,223,1.35%,10.35
https://ukplanningguide.co.uk/permitted-development/ealing/,3,220,1.36%,9.95
https://ukplanningguide.co.uk/outbuildings/yorkshire/north-yorkshire/conservation-areas/,3,219,1.37%,17
https://ukplanningguide.co.uk/dropped-kerbs/yorkshire/sheffield/,3,217,1.38%,8.25
https://ukplanningguide.co.uk/change-of-use/greater-london/tower-hamlets/,3,217,1.38%,9.66
https://ukplanningguide.co.uk/planning-permission/sheffield/,3,200,1.5%,11.78
https://ukplanningguide.co.uk/planning-permission/powys/,3,200,1.5%,11.89
https://ukplanningguide.co.uk/planning-permission/waverley/,3,199,1.51%,15.78
https://ukplanningguide.co.uk/conservation-areas/tower-hamlets/,3,183,1.64%,11.52
https://ukplanningguide.co.uk/councils/babergh/,3,183,1.64%,12.34
https://ukplanningguide.co.uk/conservation-areas/bath-and-north-east-somerset/,3,180,1.67%,7.97
https://ukplanningguide.co.uk/outbuildings/greater-london/croydon/,3,178,1.69%,11.5
https://ukplanningguide.co.uk/permitted-development/kirklees/,3,176,1.7%,15.3
https://ukplanningguide.co.uk/temporary-buildings/cornwall/cornwall/,3,176,1.7%,26.98
https://ukplanningguide.co.uk/conservation-areas/redbridge/,3,175,1.71%,7.22
https://ukplanningguide.co.uk/planning-permission/amber-valley/,3,168,1.79%,9.77
https://ukplanningguide.co.uk/dropped-kerbs/east-sussex/eastbourne/,3,163,1.84%,9.51
https://ukplanningguide.co.uk/agricultural-buildings/buckinghamshire/buckinghamshire/,3,163,1.84%,16.61
https://ukplanningguide.co.uk/change-of-use/cumbria/cumberland/planning-permission/,3,155,1.94%,18.6
https://ukplanningguide.co.uk/permitted-development/redbridge/,3,154,1.95%,15.1
https://ukplanningguide.co.uk/fences-and-walls/scotland/south-lanarkshire/,3,149,2.01%,7.32
https://ukplanningguide.co.uk/conservation-areas/lewisham/,3,146,2.05%,8.35
https://ukplanningguide.co.uk/planning-permission/maldon/,3,144,2.08%,11.4
https://ukplanningguide.co.uk/change-of-use/wales/carmarthenshire/,3,140,2.14%,8.08
https://ukplanningguide.co.uk/dropped-kerbs/county-durham/durham/,3,140,2.14%,8.66
https://ukplanningguide.co.uk/outbuildings/hertfordshire/east-hertfordshire/,3,138,2.17%,7.17
https://ukplanningguide.co.uk/dormer-extensions/bedfordshire/luton/,3,138,2.17%,12.33
https://ukplanningguide.co.uk/councils/havering/,3,138,2.17%,13.95
https://ukplanningguide.co.uk/change-of-use/surrey/elmbridge/planning-permission/,3,137,2.19%,19.02
https://ukplanningguide.co.uk/driveways/greater-london/barnet/boundary-rules/,3,137,2.19%,27.61
https://ukplanningguide.co.uk/annexes/wales/pembrokeshire/,3,134,2.24%,9.67
https://ukplanningguide.co.uk/agricultural-buildings/cornwall/cornwall/,3,127,2.36%,7.51
https://ukplanningguide.co.uk/windows-and-doors/greater-london/merton/,3,125,2.4%,24.62
https://ukplanningguide.co.uk/driveways/bedfordshire/luton/,3,124,2.42%,8.83
https://ukplanningguide.co.uk/outbuildings/scotland/aberdeen-city/,3,120,2.5%,6.22
https://ukplanningguide.co.uk/driveways/bedfordshire/central-bedfordshire/,3,120,2.5%,7.33
https://ukplanningguide.co.uk/house-extensions/staffordshire/stoke-on-trent/,3,120,2.5%,13.82
https://ukplanningguide.co.uk/councils/folkestone-and-hythe/,3,119,2.52%,10.82
https://ukplanningguide.co.uk/hmos/greater-london/redbridge/,3,118,2.54%,7.79
https://ukplanningguide.co.uk/change-of-use/wales/swansea/,3,117,2.56%,8.13
https://ukplanningguide.co.uk/dropped-kerbs/west-sussex/worthing/,3,117,2.56%,8.26
https://ukplanningguide.co.uk/driveways/greater-london/croydon/planning-permission/,3,116,2.59%,7.72
https://ukplanningguide.co.uk/fences-and-walls/county-durham/durham/article-4/,3,116,2.59%,8.09
https://ukplanningguide.co.uk/outbuildings/greater-london/bromley/,3,115,2.61%,7.75
https://ukplanningguide.co.uk/fences-and-walls/greater-london/waltham-forest/planning-permission/,3,115,2.61%,11.93
https://ukplanningguide.co.uk/driveways/gloucestershire/stroud/,3,115,2.61%,14
https://ukplanningguide.co.uk/outbuildings/scotland/argyll-and-bute/,3,113,2.65%,7.04
https://ukplanningguide.co.uk/outbuildings/surrey/elmbridge/,3,113,2.65%,7.42
https://ukplanningguide.co.uk/permitted-development/croydon/,3,110,2.73%,5.93
https://ukplanningguide.co.uk/fences-and-walls/yorkshire/doncaster/planning-permission/,3,109,2.75%,6.47
https://ukplanningguide.co.uk/outbuildings/yorkshire/east-riding-of-yorkshire/height-limits/,3,109,2.75%,7.01
https://ukplanningguide.co.uk/rear-extensions/greater-london/wandsworth/permitted-development/,3,108,2.78%,9.31
https://ukplanningguide.co.uk/fences-and-walls/buckinghamshire/milton-keynes/,3,106,2.83%,8.42
https://ukplanningguide.co.uk/permitted-development/malvern-hills/,3,106,2.83%,9.68
https://ukplanningguide.co.uk/garden-rooms/devon/south-hams/,3,106,2.83%,28.78
https://ukplanningguide.co.uk/change-of-use/greater-london/southwark/planning-permission/,3,103,2.91%,11.42
https://ukplanningguide.co.uk/fences-and-walls/scotland/west-lothian/,3,102,2.94%,6.93
https://ukplanningguide.co.uk/outbuildings/wiltshire/wiltshire/,3,102,2.94%,11.43
https://ukplanningguide.co.uk/permitted-development/barking-and-dagenham/,3,100,3%,7.94
https://ukplanningguide.co.uk/temporary-buildings/warwickshire/nuneaton-and-bedworth/,3,100,3%,36.45
https://ukplanningguide.co.uk/fences-and-walls/derbyshire/derby/,3,99,3.03%,6.59
https://ukplanningguide.co.uk/garden-rooms/suffolk/east-suffolk/,3,98,3.06%,5.88
https://ukplanningguide.co.uk/fences-and-walls/wales/cardiff/planning-permission/,3,98,3.06%,7.42
https://ukplanningguide.co.uk/garages/yorkshire/leeds/,3,98,3.06%,13.19
https://ukplanningguide.co.uk/dropped-kerbs/leicestershire/leicester/planning-permission/,3,98,3.06%,13.79
https://ukplanningguide.co.uk/permitted-development/babergh/,3,98,3.06%,18.37
https://ukplanningguide.co.uk/garden-rooms/worcestershire/redditch/,3,98,3.06%,18.43
https://ukplanningguide.co.uk/dropped-kerbs/essex/basildon/planning-permission/,3,97,3.09%,7.49
https://ukplanningguide.co.uk/fences-and-walls/tyne-and-wear/gateshead/maximum-height/,3,96,3.12%,6.3
https://ukplanningguide.co.uk/planning-permission/havant/,3,96,3.12%,8.41
https://ukplanningguide.co.uk/planning-permission/bassetlaw/,3,96,3.12%,9.8
https://ukplanningguide.co.uk/dropped-kerbs/yorkshire/east-riding-of-yorkshire/,3,95,3.16%,7.55
https://ukplanningguide.co.uk/change-of-use/leicestershire/oadby-and-wigston/planning-permission/,3,94,3.19%,11.96
https://ukplanningguide.co.uk/dropped-kerbs/devon/torbay/,3,93,3.23%,8.82
https://ukplanningguide.co.uk/change-of-use/greater-london/redbridge/,3,92,3.26%,12.03
https://ukplanningguide.co.uk/permitted-development/rushcliffe/,3,91,3.3%,7.56
https://ukplanningguide.co.uk/house-extensions/yorkshire/barnsley/boundary-rules/,3,90,3.33%,13.83
https://ukplanningguide.co.uk/councils/three-rivers/,3,89,3.37%,8.19
https://ukplanningguide.co.uk/outbuildings/greater-london/ealing/boundary-rules/,3,89,3.37%,9.83
https://ukplanningguide.co.uk/fences-and-walls/bedfordshire/bedford/height-limits/,3,88,3.41%,5.09
https://ukplanningguide.co.uk/garages/essex/basildon/,3,86,3.49%,11.71
https://ukplanningguide.co.uk/hmos/yorkshire/kirklees/,3,85,3.53%,5.55
https://ukplanningguide.co.uk/change-of-use/yorkshire/north-yorkshire/,3,84,3.57%,7.15
https://ukplanningguide.co.uk/boundary-rules/east-dunbartonshire/,3,84,3.57%,9.26
https://ukplanningguide.co.uk/garden-rooms/greater-london/harrow/planning-permission/,3,84,3.57%,15.12
https://ukplanningguide.co.uk/hmos/tyne-and-wear/sunderland/article-4/,3,83,3.61%,7.4
https://ukplanningguide.co.uk/fences-and-walls/greater-london/westminster/article-4/,3,83,3.61%,7.81
https://ukplanningguide.co.uk/article-4/durham/,3,83,3.61%,7.89
https://ukplanningguide.co.uk/garden-rooms/hertfordshire/watford/permitted-development/,3,83,3.61%,14.7
https://ukplanningguide.co.uk/outbuildings/greater-london/wandsworth/,3,82,3.66%,6.48
https://ukplanningguide.co.uk/loft-conversions/hampshire/east-hampshire/,3,82,3.66%,26.23
https://ukplanningguide.co.uk/change-of-use/warwickshire/nuneaton-and-bedworth/planning-permission/,3,81,3.7%,13.91
https://ukplanningguide.co.uk/roof-lights/greater-london/wandsworth/,3,81,3.7%,37.89
https://ukplanningguide.co.uk/fences-and-walls/shropshire/telford-and-wrekin/article-4/,3,80,3.75%,6.99
https://ukplanningguide.co.uk/loft-conversions/hertfordshire/watford/,3,80,3.75%,7.72
https://ukplanningguide.co.uk/hmos/essex/basildon/,3,79,3.8%,6.15
https://ukplanningguide.co.uk/porches/devon/east-devon/,3,79,3.8%,15.3
https://ukplanningguide.co.uk/height-limits/east-riding-of-yorkshire/,3,77,3.9%,7.23
https://ukplanningguide.co.uk/garage-conversions/scotland/fife/planning-permission/,3,77,3.9%,22.68
https://ukplanningguide.co.uk/fences-and-walls/yorkshire/barnsley/height-limits/,3,76,3.95%,5.28
https://ukplanningguide.co.uk/dropped-kerbs/wales/cardiff/permitted-development/,3,76,3.95%,7.09
https://ukplanningguide.co.uk/windows-and-doors/greater-london/redbridge/,3,75,4%,16.32
https://ukplanningguide.co.uk/change-of-use/scotland/aberdeenshire/planning-permission/,3,74,4.05%,7.82
https://ukplanningguide.co.uk/garden-rooms/greater-london/bromley/permitted-development/,3,74,4.05%,8.68
https://ukplanningguide.co.uk/dormer-extensions/cornwall/cornwall/,3,74,4.05%,27.2
https://ukplanningguide.co.uk/permitted-development/enfield/,3,73,4.11%,6.21
https://ukplanningguide.co.uk/fences-and-walls/greater-london/bromley/boundary-rules/,3,73,4.11%,6.62
https://ukplanningguide.co.uk/heat-pumps/greater-london/waltham-forest/,3,73,4.11%,7.45
https://ukplanningguide.co.uk/fences-and-walls/greater-london/richmond-upon-thames/boundary-rules/,3,73,4.11%,23.85
https://ukplanningguide.co.uk/fences-and-walls/tyne-and-wear/south-tyneside/,3,72,4.17%,6.01
https://ukplanningguide.co.uk/hmos/east-sussex/lewes/,3,72,4.17%,7.1
https://ukplanningguide.co.uk/change-of-use/hampshire/new-forest/,3,71,4.23%,7.72
https://ukplanningguide.co.uk/fences-and-walls/hampshire/havant/,3,71,4.23%,12.08
https://ukplanningguide.co.uk/fences-and-walls/surrey/surrey-heath/,3,70,4.29%,6.34
https://ukplanningguide.co.uk/solar-panels/cambridgeshire/cambridge/,3,70,4.29%,6.66
https://ukplanningguide.co.uk/hmos/derbyshire/chesterfield/,3,70,4.29%,7.59
https://ukplanningguide.co.uk/permitted-development/fareham/,3,69,4.35%,8.03
https://ukplanningguide.co.uk/article-4/exeter/,3,69,4.35%,8.19
https://ukplanningguide.co.uk/fences-and-walls/cambridgeshire/huntingdonshire/planning-permission/,3,68,4.41%,5.81
https://ukplanningguide.co.uk/fences-and-walls/yorkshire/bradford/height-limits/,3,68,4.41%,6.76
https://ukplanningguide.co.uk/article-4/sevenoaks/,3,67,4.48%,6.15
https://ukplanningguide.co.uk/outbuildings/somerset/north-somerset/,3,67,4.48%,7.91
https://ukplanningguide.co.uk/permitted-development/flintshire/,3,67,4.48%,7.96
https://ukplanningguide.co.uk/change-of-use/greater-london/brent/,3,67,4.48%,8.93
https://ukplanningguide.co.uk/permitted-development/redcar-and-cleveland/,3,67,4.48%,13.19
https://ukplanningguide.co.uk/fences-and-walls/greater-london/hillingdon/,3,66,4.55%,5.76
https://ukplanningguide.co.uk/fences-and-walls/nottinghamshire/nottingham/maximum-height/,3,66,4.55%,6.62
https://ukplanningguide.co.uk/change-of-use/northumberland/northumberland/,3,66,4.55%,8.17
https://ukplanningguide.co.uk/outbuildings/greater-london/lewisham/,3,65,4.62%,5.62
https://ukplanningguide.co.uk/fences-and-walls/hampshire/basingstoke-and-deane/,3,65,4.62%,8.06
https://ukplanningguide.co.uk/fences-and-walls/hertfordshire/broxbourne/planning-permission/,3,64,4.69%,4.95
https://ukplanningguide.co.uk/rear-extensions/bedfordshire/luton/,3,64,4.69%,5.45
https://ukplanningguide.co.uk/fences-and-walls/berkshire/windsor-and-maidenhead/conservation-areas/,3,64,4.69%,6.27
https://ukplanningguide.co.uk/garden-rooms/norfolk/kings-lynn-and-west-norfolk/boundary-rules/,3,64,4.69%,10.69
https://ukplanningguide.co.uk/garage-conversions/hampshire/basingstoke-and-deane/permitted-development/,3,63,4.76%,16.71
https://ukplanningguide.co.uk/solar-panels/scotland/fife/,3,62,4.84%,4.63
https://ukplanningguide.co.uk/fences-and-walls/lincolnshire/east-lindsey/,3,62,4.84%,5.61
https://ukplanningguide.co.uk/rear-extensions/greater-london/ealing/permitted-development/,3,62,4.84%,10.56
https://ukplanningguide.co.uk/dropped-kerbs/scotland/perth-and-kinross/planning-permission/,3,62,4.84%,10.71
https://ukplanningguide.co.uk/heat-pumps/greater-london/lewisham/,3,61,4.92%,5.34
https://ukplanningguide.co.uk/fences-and-walls/essex/epping-forest/,3,61,4.92%,10.11
https://ukplanningguide.co.uk/fences-and-walls/tyne-and-wear/sunderland/height-limits/,3,60,5%,5.43
https://ukplanningguide.co.uk/dropped-kerbs/surrey/spelthorne/,3,60,5%,7.83
https://ukplanningguide.co.uk/change-of-use/oxfordshire/west-oxfordshire/,3,60,5%,13.37
https://ukplanningguide.co.uk/boundary-rules/malvern-hills/,3,60,5%,17.87
https://ukplanningguide.co.uk/fences-and-walls/tyne-and-wear/south-tyneside/article-4/,3,59,5.08%,8.54
https://ukplanningguide.co.uk/loft-conversions/greater-london/sutton/,3,59,5.08%,16.83
https://ukplanningguide.co.uk/fences-and-walls/essex/basildon/,3,58,5.17%,5.28
https://ukplanningguide.co.uk/permitted-development/west-suffolk/,3,58,5.17%,7.64
https://ukplanningguide.co.uk/fences-and-walls/somerset/bath-and-north-east-somerset/,3,58,5.17%,11.36
https://ukplanningguide.co.uk/garden-rooms/yorkshire/wakefield/,3,57,5.26%,5.35
https://ukplanningguide.co.uk/fences-and-walls/west-sussex/mid-sussex/,3,57,5.26%,5.6
https://ukplanningguide.co.uk/change-of-use/norfolk/kings-lynn-and-west-norfolk/,3,57,5.26%,6.39
https://ukplanningguide.co.uk/permitted-development/havant/,3,57,5.26%,6.86
https://ukplanningguide.co.uk/driveways/yorkshire/leeds/planning-permission-permitted-development/,3,57,5.26%,10.95
https://ukplanningguide.co.uk/fences-and-walls/oxfordshire/oxford/,3,55,5.45%,6.45
https://ukplanningguide.co.uk/change-of-use/wales/neath-port-talbot/,3,55,5.45%,9.8
https://ukplanningguide.co.uk/fences-and-walls/derbyshire/chesterfield/height-limits/,3,54,5.56%,4.69
https://ukplanningguide.co.uk/solar-panels/wiltshire/wiltshire/,3,54,5.56%,7.76
https://ukplanningguide.co.uk/conservation-areas/cardiff/,3,54,5.56%,8.7
https://ukplanningguide.co.uk/fences-and-walls/scotland/aberdeen-city/height-limits/,3,54,5.56%,10.07
https://ukplanningguide.co.uk/garden-rooms/greater-london/lewisham/,3,54,5.56%,14.94
https://ukplanningguide.co.uk/conservation-areas/greenwich/,3,54,5.56%,16.3
https://ukplanningguide.co.uk/outbuildings/northumberland/northumberland/planning-permission/,3,53,5.66%,7.13
https://ukplanningguide.co.uk/solar-panels/greater-london/enfield/,3,53,5.66%,10.45
https://ukplanningguide.co.uk/porches/greater-london/barking-and-dagenham/boundary-rules-roof-alterations/,3,52,5.77%,5.21
https://ukplanningguide.co.uk/fences-and-walls/lincolnshire/north-kesteven/article-4/,3,50,6%,5.82
https://ukplanningguide.co.uk/solar-panels/lincolnshire/east-lindsey/,3,50,6%,8.5
https://ukplanningguide.co.uk/annexes/suffolk/east-suffolk/,3,50,6%,21.18
https://ukplanningguide.co.uk/fences-and-walls/shropshire/shropshire/maximum-height/,3,49,6.12%,4.59
https://ukplanningguide.co.uk/dropped-kerbs/derbyshire/high-peak/planning-permission/,3,49,6.12%,6.55
https://ukplanningguide.co.uk/fences-and-walls/suffolk/east-suffolk/article-4/,3,49,6.12%,7.69
https://ukplanningguide.co.uk/boundary-rules/chichester/,3,49,6.12%,9.1
https://ukplanningguide.co.uk/outbuildings/shropshire/shropshire/planning-permission/,3,49,6.12%,9.57
https://ukplanningguide.co.uk/permitted-development/shropshire/,3,48,6.25%,6.79
https://ukplanningguide.co.uk/driveways/yorkshire/rotherham/boundary-rules/,3,48,6.25%,7.29
https://ukplanningguide.co.uk/solar-panels/devon/south-hams/,3,48,6.25%,7.96
https://ukplanningguide.co.uk/garden-rooms/scotland/midlothian/,3,48,6.25%,8.75
https://ukplanningguide.co.uk/garden-rooms/county-durham/durham/,3,48,6.25%,9.31
https://ukplanningguide.co.uk/fences-and-walls/cambridgeshire/peterborough/planning-permission/,3,48,6.25%,10.73
https://ukplanningguide.co.uk/solar-panels/cumbria/cumberland/,3,47,6.38%,9.43
https://ukplanningguide.co.uk/fences-and-walls/greater-london/bexley/maximum-height/,3,46,6.52%,6.2
https://ukplanningguide.co.uk/agricultural-buildings/east-sussex/wealden/,3,46,6.52%,6.22
https://ukplanningguide.co.uk/fences-and-walls/hertfordshire/st-albans/,3,46,6.52%,6.24
https://ukplanningguide.co.uk/garage-conversions/greater-london/harrow/permitted-development/,3,46,6.52%,7.07
https://ukplanningguide.co.uk/permitted-development/argyll-and-bute/,3,46,6.52%,7.7
https://ukplanningguide.co.uk/outbuildings/berkshire/bracknell-forest/,3,46,6.52%,7.83
https://ukplanningguide.co.uk/outbuildings/wales/pembrokeshire/permitted-development/,3,46,6.52%,9.76
https://ukplanningguide.co.uk/change-of-use/suffolk/west-suffolk/,3,46,6.52%,15
https://ukplanningguide.co.uk/fences-and-walls/leicestershire/leicester/height-limits/,3,45,6.67%,5.42
https://ukplanningguide.co.uk/garden-rooms/yorkshire/east-riding-of-yorkshire/planning-permission/,3,45,6.67%,6.69
https://ukplanningguide.co.uk/garden-rooms/kent/maidstone/,3,45,6.67%,9.96
https://ukplanningguide.co.uk/driveways/hertfordshire/stevenage/planning-permission/,3,44,6.82%,4.82
https://ukplanningguide.co.uk/fences-and-walls/hertfordshire/watford/,3,43,6.98%,3.58
https://ukplanningguide.co.uk/fences-and-walls/northamptonshire/north-northamptonshire/,3,43,6.98%,5.3
https://ukplanningguide.co.uk/permitted-development/warwick/,3,43,6.98%,7.14
https://ukplanningguide.co.uk/heat-pumps/greater-london/merton/,3,43,6.98%,7.58
https://ukplanningguide.co.uk/agricultural-buildings/yorkshire/east-riding-of-yorkshire/,3,43,6.98%,9.49
https://ukplanningguide.co.uk/fences-and-walls/cambridgeshire/south-cambridgeshire/,3,42,7.14%,6.24
https://ukplanningguide.co.uk/change-of-use/west-sussex/crawley/planning-permission/,3,41,7.32%,9.37
https://ukplanningguide.co.uk/garages/scotland/east-lothian/,3,41,7.32%,25.88
https://ukplanningguide.co.uk/driveways/shropshire/telford-and-wrekin/planning-permission/,3,40,7.5%,7.33
https://ukplanningguide.co.uk/porches/greater-london/croydon/,3,40,7.5%,13
https://ukplanningguide.co.uk/porches/greater-london/sutton/,3,40,7.5%,14.88
https://ukplanningguide.co.uk/garage-conversions/yorkshire/york/,3,40,7.5%,18.35
https://ukplanningguide.co.uk/outbuildings/cornwall/cornwall/,3,40,7.5%,23.12
https://ukplanningguide.co.uk/garages/greater-london/hillingdon/,3,39,7.69%,6
https://ukplanningguide.co.uk/outbuildings/greater-london/harrow/permitted-development/,3,39,7.69%,7.15
https://ukplanningguide.co.uk/driveways/hertfordshire/dacorum/,3,39,7.69%,7.44
https://ukplanningguide.co.uk/fences-and-walls/greater-london/harrow/distance-from-boundary/,3,39,7.69%,7.54
https://ukplanningguide.co.uk/fences-and-walls/essex/colchester/,3,38,7.89%,4.74
https://ukplanningguide.co.uk/driveways/warwickshire/nuneaton-and-bedworth/,3,38,7.89%,9.45
https://ukplanningguide.co.uk/change-of-use/tyne-and-wear/south-tyneside/planning-permission/,3,38,7.89%,13.11
https://ukplanningguide.co.uk/house-extensions/greater-london/bexley/boundary-rules/,3,38,7.89%,40.08
https://ukplanningguide.co.uk/annexes/greater-london/bromley/planning-permission/,3,38,7.89%,45.61
https://ukplanningguide.co.uk/fences-and-walls/devon/east-devon/height-limits/,3,37,8.11%,4.73
https://ukplanningguide.co.uk/solar-panels/yorkshire/leeds/,3,37,8.11%,5.59
https://ukplanningguide.co.uk/dropped-kerbs/derbyshire/bolsover/planning-permission/,3,37,8.11%,7.35
https://ukplanningguide.co.uk/permitted-development/tonbridge-and-malling/,3,37,8.11%,7.59
https://ukplanningguide.co.uk/annexes/lincolnshire/east-lindsey/,3,37,8.11%,9.73
https://ukplanningguide.co.uk/fences-and-walls/cambridgeshire/east-cambridgeshire/height-limits/,3,36,8.33%,5.42
https://ukplanningguide.co.uk/dropped-kerbs/wales/torfaen/planning-permission/,3,36,8.33%,6.47
https://ukplanningguide.co.uk/fences-and-walls/scotland/perth-and-kinross/boundary-rules/,3,36,8.33%,6.75
https://ukplanningguide.co.uk/hmos/scotland/east-dunbartonshire/,3,36,8.33%,7.69
https://ukplanningguide.co.uk/driveways/dorset/dorset/,3,36,8.33%,11
https://ukplanningguide.co.uk/fences-and-walls/northamptonshire/west-northamptonshire/height-limits/,3,35,8.57%,4.91
https://ukplanningguide.co.uk/fences-and-walls/kent/tonbridge-and-malling/boundary-rules/,3,35,8.57%,5.09
https://ukplanningguide.co.uk/fences-and-walls/somerset/somerset/boundary-rules/,3,35,8.57%,6.69
https://ukplanningguide.co.uk/garages/east-sussex/wealden/,3,35,8.57%,7.77
https://ukplanningguide.co.uk/article-4/oadby-and-wigston/,3,35,8.57%,8.71
https://ukplanningguide.co.uk/outbuildings/kent/canterbury/,3,35,8.57%,14.11
https://ukplanningguide.co.uk/article-4/kirklees/,3,34,8.82%,4.5
https://ukplanningguide.co.uk/fences-and-walls/oxfordshire/oxford/maximum-height/,3,34,8.82%,5.41
https://ukplanningguide.co.uk/outbuildings/worcestershire/bromsgrove/article-4/,3,34,8.82%,6.09
https://ukplanningguide.co.uk/change-of-use/yorkshire/wakefield/,3,34,8.82%,6.62
https://ukplanningguide.co.uk/fences-and-walls/norfolk/south-norfolk/planning-permission/,3,34,8.82%,7
https://ukplanningguide.co.uk/outbuildings/hampshire/basingstoke-and-deane/height-limits/,3,34,8.82%,7.88
https://ukplanningguide.co.uk/demolition/wales/swansea/,3,34,8.82%,7.91
https://ukplanningguide.co.uk/fences-and-walls/greater-london/barnet/maximum-height/,3,33,9.09%,5.15
https://ukplanningguide.co.uk/fences-and-walls/nottinghamshire/bassetlaw/planning-permission/,3,33,9.09%,5.18
https://ukplanningguide.co.uk/fences-and-walls/east-sussex/wealden/,3,33,9.09%,5.33
https://ukplanningguide.co.uk/solar-panels/yorkshire/north-yorkshire/conservation-areas/,3,33,9.09%,5.58
https://ukplanningguide.co.uk/article-4/wokingham/,3,33,9.09%,7.85
https://ukplanningguide.co.uk/boundary-rules/south-ayrshire/,3,33,9.09%,9.7
https://ukplanningguide.co.uk/annexes/greater-london/ealing/planning-permission/,3,33,9.09%,19.33
https://ukplanningguide.co.uk/heat-pumps/greater-london/greenwich/,3,32,9.38%,4.12
https://ukplanningguide.co.uk/outbuildings/essex/rochford/,3,32,9.38%,4.59
https://ukplanningguide.co.uk/permitted-development/isle-of-anglesey/,3,32,9.38%,4.75
https://ukplanningguide.co.uk/fences-and-walls/hampshire/hart/,3,32,9.38%,5.22
https://ukplanningguide.co.uk/driveways/norfolk/norwich/planning-permission/,3,32,9.38%,6.28
https://ukplanningguide.co.uk/article-4/north-yorkshire/,3,32,9.38%,7.34
https://ukplanningguide.co.uk/garden-rooms/yorkshire/leeds/boundary-rules/,3,32,9.38%,7.5
https://ukplanningguide.co.uk/fences-and-walls/leicestershire/oadby-and-wigston/,3,31,9.68%,5.13
https://ukplanningguide.co.uk/change-of-use/nottinghamshire/newark-and-sherwood/,3,31,9.68%,13.68
https://ukplanningguide.co.uk/article-4/isle-of-anglesey/,3,30,10%,5.1
https://ukplanningguide.co.uk/fences-and-walls/staffordshire/staffordshire-moorlands/planning-permission/,3,30,10%,5.77
https://ukplanningguide.co.uk/fences-and-walls/yorkshire/calderdale/article-4/,3,30,10%,6.2
https://ukplanningguide.co.uk/hmos/surrey/woking/article-4/,3,30,10%,7.87
https://ukplanningguide.co.uk/permitted-development/torridge/,3,30,10%,8.17
https://ukplanningguide.co.uk/garage-conversions/greater-london/waltham-forest/article-4/,3,30,10%,8.3
https://ukplanningguide.co.uk/garden-rooms/greater-london/richmond-upon-thames/height-limits/,3,30,10%,10.87
https://ukplanningguide.co.uk/article-4/surrey-heath/,3,29,10.34%,4.93
https://ukplanningguide.co.uk/fences-and-walls/bedfordshire/,3,29,10.34%,6.31
https://ukplanningguide.co.uk/permitted-development/swale/,3,29,10.34%,6.55
https://ukplanningguide.co.uk/garages/dorset/bournemouth-christchurch-and-poole/,3,29,10.34%,6.9
https://ukplanningguide.co.uk/outbuildings/wales/carmarthenshire/planning-permission/,3,29,10.34%,8.83
https://ukplanningguide.co.uk/garden-rooms/lincolnshire/south-kesteven/,3,29,10.34%,15.34
https://ukplanningguide.co.uk/driveways/wales/rhondda-cynon-taf/,3,29,10.34%,22.45
https://ukplanningguide.co.uk/fences-and-walls/derbyshire/north-east-derbyshire/,3,28,10.71%,5.36
https://ukplanningguide.co.uk/change-of-use/cambridgeshire/south-cambridgeshire/,3,28,10.71%,7.86
https://ukplanningguide.co.uk/garden-rooms/yorkshire/hull/,3,28,10.71%,8.32
https://ukplanningguide.co.uk/garden-rooms/greater-london/hounslow/permitted-development/,3,28,10.71%,14.93
https://ukplanningguide.co.uk/garden-rooms/hampshire/new-forest/,3,28,10.71%,15.68
https://ukplanningguide.co.uk/house-extensions/greater-london/wandsworth/planning-permission/,3,28,10.71%,27.71
https://ukplanningguide.co.uk/garden-rooms/tyne-and-wear/north-tyneside/,3,27,11.11%,4.48
https://ukplanningguide.co.uk/garden-rooms/greater-london/lambeth/permitted-development/,3,27,11.11%,6.3
https://ukplanningguide.co.uk/garden-rooms/greater-london/ealing/permitted-development/,3,27,11.11%,6.37
https://ukplanningguide.co.uk/fences-and-walls/derbyshire/south-derbyshire/,3,26,11.54%,6.04
https://ukplanningguide.co.uk/driveways/yorkshire/north-yorkshire/planning-permission-boundary-rules/,3,26,11.54%,6.27
https://ukplanningguide.co.uk/change-of-use/kent/tunbridge-wells/planning-permission/,3,26,11.54%,9.23
https://ukplanningguide.co.uk/change-of-use/cambridgeshire/south-cambridgeshire/planning-permission/,3,26,11.54%,12.46
https://ukplanningguide.co.uk/garden-rooms/greater-london/croydon/boundary-rules/,3,26,11.54%,13.19
https://ukplanningguide.co.uk/fences-and-walls/yorkshire/north-yorkshire/height-limits/,3,25,12%,4.96
https://ukplanningguide.co.uk/change-of-use/warwickshire/north-warwickshire/,3,25,12%,6.84
https://ukplanningguide.co.uk/article-4/rotherham/,3,24,12.5%,4.08
https://ukplanningguide.co.uk/article-4/horsham/,3,24,12.5%,5.38
https://ukplanningguide.co.uk/outbuildings/surrey/woking/article-4/,3,24,12.5%,5.42
https://ukplanningguide.co.uk/heat-pumps/cumbria/westmorland-and-furness/,3,24,12.5%,5.5
https://ukplanningguide.co.uk/driveways/derbyshire/chesterfield/,3,24,12.5%,5.92
https://ukplanningguide.co.uk/garage-conversions/greater-london/brent/article-4/,3,24,12.5%,7.5
https://ukplanningguide.co.uk/height-limits/wandsworth/,3,24,12.5%,7.75
https://ukplanningguide.co.uk/demolition/greater-london/kensington-and-chelsea/,3,24,12.5%,9.96
https://ukplanningguide.co.uk/house-extensions/staffordshire/lichfield/,3,24,12.5%,22.21
https://ukplanningguide.co.uk/rear-extensions/norfolk/south-norfolk/,3,24,12.5%,27.75
https://ukplanningguide.co.uk/fences-and-walls/kent/gravesham/,3,23,13.04%,4.22
https://ukplanningguide.co.uk/fences-and-walls/essex/maldon/article-4/,3,23,13.04%,5.96
https://ukplanningguide.co.uk/fences-and-walls/wales/rhondda-cynon-taf/maximum-height/,3,23,13.04%,6.39
https://ukplanningguide.co.uk/solar-panels/essex/colchester/permitted-development/,3,23,13.04%,6.83
https://ukplanningguide.co.uk/garden-rooms/surrey/epsom-and-ewell/,3,23,13.04%,8.65
https://ukplanningguide.co.uk/solar-panels/devon/torbay/,3,22,13.64%,3.95
https://ukplanningguide.co.uk/fences-and-walls/lincolnshire/north-kesteven/maximum-height/,3,22,13.64%,4.5
https://ukplanningguide.co.uk/fences-and-walls/cambridgeshire/cambridge/height-limits/,3,22,13.64%,5.68
https://ukplanningguide.co.uk/porches/essex/basildon/article-4/,3,22,13.64%,5.77
https://ukplanningguide.co.uk/change-of-use/cambridgeshire/huntingdonshire/boundary-rules-article-4/,3,22,13.64%,6.32
https://ukplanningguide.co.uk/outbuildings/scotland/moray/boundary-rules/,3,22,13.64%,6.41
https://ukplanningguide.co.uk/article-4/north-lanarkshire/,3,22,13.64%,7.95
https://ukplanningguide.co.uk/garages/essex/colchester/,3,22,13.64%,9.59
https://ukplanningguide.co.uk/permitted-development/pembrokeshire,3,22,13.64%,9.86
https://ukplanningguide.co.uk/fences-and-walls/greater-london/islington/maximum-height/,3,22,13.64%,14.77
https://ukplanningguide.co.uk/solar-panels/worcestershire/malvern-hills/conservation-areas/,3,22,13.64%,21.36
https://ukplanningguide.co.uk/fences-and-walls/norfolk/broadland/height-limits/,3,21,14.29%,3.48
https://ukplanningguide.co.uk/article-4/fenland/,3,21,14.29%,6.48
https://ukplanningguide.co.uk/garden-rooms/greater-london/lewisham/permitted-development-depth-limits/,3,21,14.29%,7.29
https://ukplanningguide.co.uk/planning-permission/basildon/,3,21,14.29%,7.38
https://ukplanningguide.co.uk/solar-panels/scotland/aberdeenshire/,3,20,15%,5.45
https://ukplanningguide.co.uk/windows-and-doors/greater-london/hillingdon/,3,20,15%,6.45
https://ukplanningguide.co.uk/house-extensions/greater-london/hillingdon/height-limits/,3,20,15%,11.15
https://ukplanningguide.co.uk/fences-and-walls/kent/gravesham/maximum-height/,3,19,15.79%,4.53
https://ukplanningguide.co.uk/height-limits/richmond-upon-thames/,3,19,15.79%,5.26
https://ukplanningguide.co.uk/outbuildings/greater-london/sutton/,3,19,15.79%,5.79
https://ukplanningguide.co.uk/garden-rooms/hertfordshire/three-rivers/,3,19,15.79%,6
https://ukplanningguide.co.uk/fences-and-walls/surrey/elmbridge/height-limits-depth-limits/,3,19,15.79%,10
https://ukplanningguide.co.uk/article-4/redditch/,3,18,16.67%,4.22
https://ukplanningguide.co.uk/garage-conversions/hertfordshire/dacorum/,3,18,16.67%,5.5
https://ukplanningguide.co.uk/heat-pumps/yorkshire/york/,3,18,16.67%,5.67
https://ukplanningguide.co.uk/fences-and-walls/west-sussex/chichester/article-4/,3,18,16.67%,7.28
https://ukplanningguide.co.uk/hmos/east-sussex/rother/,3,18,16.67%,9.17
https://ukplanningguide.co.uk/side-extensions/greater-london/hillingdon/permitted-development-article-4/,3,18,16.67%,9.28
https://ukplanningguide.co.uk/fences-and-walls/surrey/runnymede/height-limits/,3,17,17.65%,4.76
https://ukplanningguide.co.uk/article-4/south-cambridgeshire/,3,17,17.65%,5.12
https://ukplanningguide.co.uk/porches/wiltshire/wiltshire/,3,17,17.65%,5.18
https://ukplanningguide.co.uk/porches/essex/colchester/permitted-development-boundary-rules/,3,17,17.65%,14
https://ukplanningguide.co.uk/fences-and-walls/kent/swale/boundary-rules/,3,16,18.75%,4.56
https://ukplanningguide.co.uk/solar-panels/yorkshire/east-riding-of-yorkshire/permitted-development/,3,16,18.75%,4.94
https://ukplanningguide.co.uk/fences-and-walls/nottinghamshire/rushcliffe/planning-permission/,3,16,18.75%,5.38
https://ukplanningguide.co.uk/roof-alterations/richmond-upon-thames/,3,16,18.75%,9.38
https://ukplanningguide.co.uk/annexes/greater-london/redbridge/planning-permission-depth-limits/,3,16,18.75%,9.56
https://ukplanningguide.co.uk/house-extensions/hampshire/hart/boundary-rules-permitted-development/,3,15,20%,4.93
https://ukplanningguide.co.uk/garage-conversions/derbyshire/amber-valley/,3,15,20%,14
https://ukplanningguide.co.uk/outbuildings/northamptonshire/north-northamptonshire/,3,14,21.43%,7.86
https://ukplanningguide.co.uk/heat-pumps/greater-london/hillingdon/boundary-rules/,3,13,23.08%,3.62
https://ukplanningguide.co.uk/solar-panels/lincolnshire/south-kesteven/,3,13,23.08%,4.62
https://ukplanningguide.co.uk/fences-and-walls/greater-london/brent/article-4/,3,13,23.08%,6.08
https://ukplanningguide.co.uk/listed-buildings/west-lindsey/,3,13,23.08%,6.62
https://ukplanningguide.co.uk/annexes/hampshire/winchester/planning-permission-height-limits/,3,13,23.08%,6.92
https://ukplanningguide.co.uk/heat-pumps/greater-london/hillingdon/conservation-areas/,3,13,23.08%,8.69
https://ukplanningguide.co.uk/garden-rooms/hertfordshire/three-rivers/planning-permission/,3,12,25%,3.75
https://ukplanningguide.co.uk/fences-and-walls/oxfordshire/cherwell/,3,12,25%,3.92
https://ukplanningguide.co.uk/windows-and-doors/derbyshire/south-derbyshire/,3,12,25%,5.75
https://ukplanningguide.co.uk/solar-panels/suffolk/babergh/,3,10,30%,5.3
https://ukplanningguide.co.uk/fences-and-walls/lincolnshire/lincoln/article-4/,3,10,30%,5.8
https://ukplanningguide.co.uk/outbuildings/greater-london/barking-and-dagenham/permitted-development-listed-buildings/,3,10,30%,6.6
https://ukplanningguide.co.uk/fences-and-walls/worcestershire/bromsgrove/,3,10,30%,13.5
https://ukplanningguide.co.uk/single-storey-extensions/dorset/bournemouth-christchurch-and-poole/height-limits-permitted-development/,3,10,30%,21.9
https://ukplanningguide.co.uk/solar-panels/hampshire/east-hampshire/,3,9,33.33%,4.78
https://ukplanningguide.co.uk/garages/lincolnshire/west-lindsey/,3,9,33.33%,4.89
https://ukplanningguide.co.uk/maximum-height/north-east-derbyshire/,3,9,33.33%,5.56
https://ukplanningguide.co.uk/garden-rooms/somerset/north-somerset/,3,8,37.5%,4.5
https://ukplanningguide.co.uk/driveways/leicestershire/harborough/planning-permission/,3,8,37.5%,7
https://ukplanningguide.co.uk/outbuildings/scotland/fife/boundary-rules/,3,8,37.5%,10.12
https://ukplanningguide.co.uk/windows-and-doors/scotland/loch-lomond-and-the-trossachs-national-park/,3,7,42.86%,4.14
https://ukplanningguide.co.uk/heat-pumps/yorkshire/redcar-and-cleveland/,3,7,42.86%,5.86
https://ukplanningguide.co.uk/fences-and-walls/wales/pembrokeshire-coast-national-park/maximum-height/,3,7,42.86%,8.29
https://ukplanningguide.co.uk/garage-conversions/hampshire/gosport/maximum-height/,3,5,60%,5.4
https://ukplanningguide.co.uk/hmos/northamptonshire/north-northamptonshire/,2,2446,0.08%,9.15
https://ukplanningguide.co.uk/garage-conversions/,2,1138,0.18%,65.46
https://ukplanningguide.co.uk/house-extensions/greater-london/wandsworth/permitted-development/,2,825,0.24%,23.56
https://ukplanningguide.co.uk/windows-and-doors/devon/south-hams/,2,647,0.31%,47.61
https://ukplanningguide.co.uk/dropped-kerbs/staffordshire/staffordshire-moorlands/,2,596,0.34%,20.89
https://ukplanningguide.co.uk/councils/city-of-edinburgh/,2,547,0.37%,22.19
https://ukplanningguide.co.uk/conservation-areas/hackney/,2,532,0.38%,9.08
https://ukplanningguide.co.uk/house-extensions/berkshire/windsor-and-maidenhead/,2,522,0.38%,22.98
https://ukplanningguide.co.uk/councils/swansea/,2,430,0.47%,18.78
https://ukplanningguide.co.uk/rear-extensions/devon/south-hams/,2,378,0.53%,41.53
https://ukplanningguide.co.uk/,2,373,0.54%,60.99
https://ukplanningguide.co.uk/house-extensions/oxfordshire/oxford/,2,372,0.54%,21.45
https://ukplanningguide.co.uk/councils/teignbridge/,2,350,0.57%,13.46
https://ukplanningguide.co.uk/change-of-use/greater-london/southwark/conservation-areas/,2,312,0.64%,8.59
https://ukplanningguide.co.uk/planning-permission/tandridge/,2,307,0.65%,23.36
https://ukplanningguide.co.uk/outbuildings/greater-london/hammersmith-and-fulham/,2,294,0.68%,17.96
https://ukplanningguide.co.uk/planning-permission/shropshire/,2,287,0.7%,27.17
https://ukplanningguide.co.uk/garden-rooms/hampshire/fareham/,2,279,0.72%,20.15
https://ukplanningguide.co.uk/planning-permission/south-hams/,2,278,0.72%,11.23
https://ukplanningguide.co.uk/planning-permission/hounslow/,2,278,0.72%,14.06
https://ukplanningguide.co.uk/councils/hillingdon/,2,276,0.72%,26.32
https://ukplanningguide.co.uk/councils/aberdeenshire/,2,261,0.77%,10.49
https://ukplanningguide.co.uk/solar-panels/oxfordshire/vale-of-white-horse/,2,241,0.83%,9.21
https://ukplanningguide.co.uk/loft-conversions/greater-london/lewisham/,2,234,0.85%,35.24
https://ukplanningguide.co.uk/permitted-development/havering/,2,228,0.88%,16.68
https://ukplanningguide.co.uk/change-of-use/greater-london/hammersmith-and-fulham/,2,226,0.88%,9.03
https://ukplanningguide.co.uk/change-of-use/greater-london/waltham-forest/planning-permission/,2,226,0.88%,11.99
https://ukplanningguide.co.uk/dormer-extensions/scotland/city-of-edinburgh/,2,222,0.9%,8.87
https://ukplanningguide.co.uk/planning-permission/lewisham/,2,220,0.91%,9.67
https://ukplanningguide.co.uk/councils/lichfield/,2,220,0.91%,10.61
https://ukplanningguide.co.uk/england/projects/dropped-kerbs/havering/,2,217,0.92%,10.13
https://ukplanningguide.co.uk/councils/westmorland-and-furness/,2,215,0.93%,9.25
https://ukplanningguide.co.uk/planning-permission/south-cambridgeshire/,2,214,0.93%,30.21
https://ukplanningguide.co.uk/dropped-kerbs/hampshire/southampton/,2,213,0.94%,22.93
https://ukplanningguide.co.uk/councils/merton/,2,208,0.96%,9.43
https://ukplanningguide.co.uk/garage-conversions/cornwall/cornwall/,2,208,0.96%,12.01
https://ukplanningguide.co.uk/councils/north-lanarkshire/,2,207,0.97%,9.74
https://ukplanningguide.co.uk/permitted-development/kensington-and-chelsea/,2,207,0.97%,10.15
https://ukplanningguide.co.uk/conservation-areas/gravesham/,2,204,0.98%,8.47
https://ukplanningguide.co.uk/agricultural-buildings/dorset/dorset/,2,202,0.99%,35.5
https://ukplanningguide.co.uk/garden-rooms/berkshire/bracknell-forest/,2,199,1.01%,14.26
https://ukplanningguide.co.uk/councils/torbay/,2,196,1.02%,8.84
https://ukplanningguide.co.uk/councils/new-forest/,2,191,1.05%,10.48
https://ukplanningguide.co.uk/planning-permission/isle-of-anglesey/,2,189,1.06%,8.28
https://ukplanningguide.co.uk/permitted-development/merton/,2,188,1.06%,7.72
https://ukplanningguide.co.uk/councils/bannau-brycheiniog-national-park/,2,188,1.06%,8.07
https://ukplanningguide.co.uk/dropped-kerbs/staffordshire/,2,187,1.07%,28.6
https://ukplanningguide.co.uk/dropped-kerbs/kent/maidstone/,2,184,1.09%,51.05
https://ukplanningguide.co.uk/permitted-development/glasgow-city/,2,181,1.1%,8.57
https://ukplanningguide.co.uk/dropped-kerbs/hertfordshire/east-hertfordshire/planning-permission/,2,175,1.14%,27.98
https://ukplanningguide.co.uk/hmos/greater-london/harrow/article-4/,2,168,1.19%,10.25
https://ukplanningguide.co.uk/dropped-kerbs/hertfordshire/dacorum/,2,166,1.2%,7.57
https://ukplanningguide.co.uk/outbuildings/scotland/stirling/,2,165,1.21%,12.93
https://ukplanningguide.co.uk/permitted-development/luton/,2,162,1.23%,6.98
https://ukplanningguide.co.uk/dropped-kerbs/west-sussex/mid-sussex/,2,162,1.23%,9.35
https://ukplanningguide.co.uk/dropped-kerbs/greater-london/brent/,2,157,1.27%,9.57
https://ukplanningguide.co.uk/outbuildings/northumberland/northumberland/,2,156,1.28%,6.84
https://ukplanningguide.co.uk/dropped-kerbs/greater-london/bexley/,2,155,1.29%,9.26
https://ukplanningguide.co.uk/dropped-kerbs/dorset/bournemouth-christchurch-and-poole/boundary-rules/,2,155,1.29%,21.48
https://ukplanningguide.co.uk/outbuildings/greater-london/lewisham/article-4/,2,153,1.31%,8.41
https://ukplanningguide.co.uk/councils/conwy/,2,153,1.31%,8.42
https://ukplanningguide.co.uk/conservation-areas/sevenoaks/,2,153,1.31%,8.63
https://ukplanningguide.co.uk/conservation-areas/tonbridge-and-malling/,2,151,1.32%,7.99
https://ukplanningguide.co.uk/change-of-use/greater-london/wandsworth/,2,150,1.33%,7.37
https://ukplanningguide.co.uk/permitted-development/bradford/,2,148,1.35%,7.89
https://ukplanningguide.co.uk/fences-and-walls/norfolk/norwich/,2,148,1.35%,8.9
https://ukplanningguide.co.uk/dropped-kerbs/scotland/city-of-edinburgh/planning-permission/,2,147,1.36%,16.06
https://ukplanningguide.co.uk/councils/horsham/,2,143,1.4%,8.64
https://ukplanningguide.co.uk/house-extensions/wales/cardiff/,2,143,1.4%,14.14
https://ukplanningguide.co.uk/hmos/staffordshire/stoke-on-trent/,2,142,1.41%,8.97
https://ukplanningguide.co.uk/single-storey-extensions/yorkshire/doncaster/planning-permission/,2,141,1.42%,13.19
https://ukplanningguide.co.uk/driveways/nottinghamshire/gedling/,2,139,1.44%,15.68
https://ukplanningguide.co.uk/dropped-kerbs/greater-london/redbridge/planning-permission/,2,137,1.46%,7.8
https://ukplanningguide.co.uk/planning-permission/redcar-and-cleveland/,2,137,1.46%,9.14
https://ukplanningguide.co.uk/garden-rooms/surrey/mole-valley/,2,135,1.48%,8.87
https://ukplanningguide.co.uk/dropped-kerbs/greater-london/barnet/,2,134,1.49%,7.99
https://ukplanningguide.co.uk/dropped-kerbs/greater-london/waltham-forest/,2,134,1.49%,8.16
https://ukplanningguide.co.uk/article-4/islington/,2,133,1.5%,8.98
https://ukplanningguide.co.uk/councils/stevenage/,2,131,1.53%,8.81
https://ukplanningguide.co.uk/dropped-kerbs/greater-london/barking-and-dagenham/boundary-rules/,2,130,1.54%,8.93
https://ukplanningguide.co.uk/fences-and-walls/tyne-and-wear/north-tyneside/,2,129,1.55%,5.59
https://ukplanningguide.co.uk/boundary-rules/spelthorne/,2,129,1.55%,10.86
https://ukplanningguide.co.uk/garden-rooms/greater-london/city-of-london/height-limits/,2,128,1.56%,17.95
https://ukplanningguide.co.uk/hmos/wiltshire/swindon/,2,126,1.59%,7.96
https://ukplanningguide.co.uk/article-4/leeds/,2,126,1.59%,9.49
https://ukplanningguide.co.uk/conservation-areas/oxford/,2,126,1.59%,10.94
https://ukplanningguide.co.uk/conservation-areas/north-hertfordshire/,2,125,1.6%,7.7
https://ukplanningguide.co.uk/conservation-areas/south-norfolk/,2,125,1.6%,7.78
https://ukplanningguide.co.uk/planning-permission/rushmoor/,2,125,1.6%,8.55
https://ukplanningguide.co.uk/fences-and-walls/yorkshire/hull/maximum-height/,2,124,1.61%,5.42
https://ukplanningguide.co.uk/boundary-rules/vale-of-white-horse/,2,124,1.61%,8.44
https://ukplanningguide.co.uk/hmos/kent/tonbridge-and-malling/,2,124,1.61%,8.58
https://ukplanningguide.co.uk/boundary-rules/argyll-and-bute/,2,122,1.64%,7.02
https://ukplanningguide.co.uk/planning-permission/darlington/,2,122,1.64%,9.56
https://ukplanningguide.co.uk/planning-permission/north-tyneside/,2,121,1.65%,8.8
https://ukplanningguide.co.uk/garden-rooms/surrey/guildford/,2,121,1.65%,16.68
https://ukplanningguide.co.uk/house-extensions/greater-london/hammersmith-and-fulham/boundary-rules/,2,121,1.65%,28.58
https://ukplanningguide.co.uk/councils/elmbridge/,2,120,1.67%,8.84
https://ukplanningguide.co.uk/councils/east-staffordshire/,2,119,1.68%,8.22
https://ukplanningguide.co.uk/councils/newcastle-upon-tyne/,2,119,1.68%,8.96
https://ukplanningguide.co.uk/fences-and-walls/nottinghamshire/nottingham/,2,118,1.69%,6.19
https://ukplanningguide.co.uk/garage-conversions/buckinghamshire/milton-keynes/planning-permission/,2,118,1.69%,9.09
https://ukplanningguide.co.uk/garden-rooms/kent/folkestone-and-hythe/,2,118,1.69%,9.87
https://ukplanningguide.co.uk/hmos/hertfordshire/watford/article-4/,2,117,1.71%,7.23
https://ukplanningguide.co.uk/conservation-areas/norwich/,2,117,1.71%,8.8
https://ukplanningguide.co.uk/change-of-use/greater-london/ealing/,2,116,1.72%,8.43
https://ukplanningguide.co.uk/driveways/greater-london/havering/,2,115,1.74%,6.77
https://ukplanningguide.co.uk/councils/carmarthenshire,2,115,1.74%,9.57
https://ukplanningguide.co.uk/outbuildings/leicestershire/charnwood/permitted-development/,2,114,1.75%,6.67
https://ukplanningguide.co.uk/outbuildings/greater-london/ealing/,2,114,1.75%,9.82
https://ukplanningguide.co.uk/house-extensions/staffordshire/stoke-on-trent/planning-permission/,2,113,1.77%,10.83
https://ukplanningguide.co.uk/permitted-development/neath-port-talbot/,2,111,1.8%,7.11
https://ukplanningguide.co.uk/side-extensions/surrey/tandridge/,2,111,1.8%,8.29
https://ukplanningguide.co.uk/garden-rooms/hertfordshire/stevenage/,2,111,1.8%,21.36
https://ukplanningguide.co.uk/dropped-kerbs/hertfordshire/st-albans/,2,110,1.82%,8.23
https://ukplanningguide.co.uk/permitted-development/charnwood/,2,109,1.83%,7.88
https://ukplanningguide.co.uk/garage-conversions/kent/sevenoaks/planning-permission/,2,108,1.85%,37.87
https://ukplanningguide.co.uk/councils/amber-valley/,2,107,1.87%,8.43
https://ukplanningguide.co.uk/dropped-kerbs/northamptonshire/north-northamptonshire/,2,106,1.89%,9.11
https://ukplanningguide.co.uk/permitted-development/broxbourne/,2,105,1.9%,7.97
https://ukplanningguide.co.uk/change-of-use/cornwall/cornwall/,2,105,1.9%,14.34
https://ukplanningguide.co.uk/solar-panels/yorkshire/kirklees/,2,105,1.9%,17.97
https://ukplanningguide.co.uk/councils/rotherham/,2,104,1.92%,8.12
https://ukplanningguide.co.uk/annexes/oxfordshire/vale-of-white-horse/,2,104,1.92%,9.15
https://ukplanningguide.co.uk/change-of-use/scotland/moray/,2,103,1.94%,7.5
https://ukplanningguide.co.uk/conservation-areas/dacorum/,2,103,1.94%,7.59
https://ukplanningguide.co.uk/fences-and-walls/scotland/south-ayrshire/,2,102,1.96%,7.29
https://ukplanningguide.co.uk/councils/dacorum/,2,102,1.96%,9.34
https://ukplanningguide.co.uk/dropped-kerbs/derbyshire/south-derbyshire/,2,101,1.98%,8.28
https://ukplanningguide.co.uk/change-of-use/kent/folkestone-and-hythe/planning-permission/,2,100,2%,9.52
https://ukplanningguide.co.uk/dropped-kerbs/scotland/south-ayrshire/,2,100,2%,12.07
https://ukplanningguide.co.uk/driveways/surrey/reigate-and-banstead/,2,100,2%,18.8
https://ukplanningguide.co.uk/permitted-development/brighton-and-hove/,2,99,2.02%,6.96
https://ukplanningguide.co.uk/boundary-rules/east-renfrewshire/,2,99,2.02%,8.62
https://ukplanningguide.co.uk/permitted-development/windsor-and-maidenhead/,2,99,2.02%,16.25
https://ukplanningguide.co.uk/dropped-kerbs/yorkshire/hull/,2,98,2.04%,7.47
https://ukplanningguide.co.uk/house-extensions/yorkshire/east-riding-of-yorkshire/conservation-areas/,2,98,2.04%,11.39
https://ukplanningguide.co.uk/house-extensions/surrey/epsom-and-ewell/boundary-rules/,2,98,2.04%,18.56
https://ukplanningguide.co.uk/house-extensions/greater-london/barking-and-dagenham/planning-permission/,2,97,2.06%,7.55
https://ukplanningguide.co.uk/planning-permission/stevenage/,2,97,2.06%,9.9
https://ukplanningguide.co.uk/hmos/greater-london/harrow,2,95,2.11%,7.74
https://ukplanningguide.co.uk/house-extensions/scotland/south-lanarkshire/,2,95,2.11%,11.47
https://ukplanningguide.co.uk/house-extensions/greater-london/bexley/planning-permission-boundary-rules/,2,95,2.11%,15.59
https://ukplanningguide.co.uk/dropped-kerbs/staffordshire/tamworth/planning-permission/,2,94,2.13%,8.5
https://ukplanningguide.co.uk/conservation-areas/swansea/,2,93,2.15%,6.86
https://ukplanningguide.co.uk/dropped-kerbs/yorkshire/barnsley/,2,93,2.15%,8.38
https://ukplanningguide.co.uk/dropped-kerbs/essex/harlow/,2,93,2.15%,9.88
https://ukplanningguide.co.uk/driveways/yorkshire/redcar-and-cleveland/,2,93,2.15%,17.14
https://ukplanningguide.co.uk/outbuildings/northamptonshire/west-northamptonshire/,2,92,2.17%,14.28
https://ukplanningguide.co.uk/driveways/yorkshire/middlesbrough/,2,91,2.2%,7.54
https://ukplanningguide.co.uk/article-4/redbridge,2,91,2.2%,7.93
https://ukplanningguide.co.uk/garden-rooms/scotland/fife/,2,91,2.2%,8.36
https://ukplanningguide.co.uk/conservation-areas/west-dunbartonshire/,2,90,2.22%,11.57
https://ukplanningguide.co.uk/dropped-kerbs/yorkshire/middlesbrough/,2,89,2.25%,5.15
https://ukplanningguide.co.uk/hmos/kent/folkestone-and-hythe/,2,89,2.25%,7.2
https://ukplanningguide.co.uk/planning-permission/east-suffolk/,2,89,2.25%,7.92
https://ukplanningguide.co.uk/article-4/hounslow/,2,89,2.25%,8.56
https://ukplanningguide.co.uk/driveways/east-sussex/brighton-and-hove/,2,88,2.27%,7.76
https://ukplanningguide.co.uk/hmos/hertfordshire/stevenage/,2,88,2.27%,7.82
https://ukplanningguide.co.uk/garden-rooms/suffolk/ipswich/planning-permission/,2,88,2.27%,8.62
https://ukplanningguide.co.uk/dormer-extensions/wales/cardiff/,2,88,2.27%,30.15
https://ukplanningguide.co.uk/garage-conversions/greater-london/wandsworth/,2,87,2.3%,7.45
https://ukplanningguide.co.uk/dropped-kerbs/wiltshire/wiltshire/,2,87,2.3%,8.9
https://ukplanningguide.co.uk/garden-rooms/surrey/reigate-and-banstead/,2,87,2.3%,12.92
https://ukplanningguide.co.uk/wraparound-extensions/berkshire/wokingham/,2,87,2.3%,12.93
https://ukplanningguide.co.uk/hmos/nottinghamshire/gedling/,2,86,2.33%,7.3
https://ukplanningguide.co.uk/hmos/kent/thanet/,2,86,2.33%,9.44
https://ukplanningguide.co.uk/dropped-kerbs/essex/chelmsford/boundary-rules/,2,86,2.33%,9.84
https://ukplanningguide.co.uk/outbuildings/scotland/perth-and-kinross/planning-permission/,2,86,2.33%,17.52
https://ukplanningguide.co.uk/hmos/worcestershire/wychavon/,2,85,2.35%,8.22
https://ukplanningguide.co.uk/agricultural-buildings/kent/ashford/,2,85,2.35%,15.26
https://ukplanningguide.co.uk/loft-conversions/greater-london/ealing/,2,85,2.35%,25
https://ukplanningguide.co.uk/councils/eastbourne/,2,84,2.38%,10.35
https://ukplanningguide.co.uk/change-of-use/devon/torridge/planning-permission/,2,84,2.38%,11.08
https://ukplanningguide.co.uk/garage-conversions/oxfordshire/south-oxfordshire/,2,84,2.38%,11.92
https://ukplanningguide.co.uk/dropped-kerbs/scotland/east-ayrshire/planning-permission/,2,84,2.38%,17.68
https://ukplanningguide.co.uk/temporary-buildings/devon/teignbridge/planning-permission-conservation-areas/,2,84,2.38%,34.38
https://ukplanningguide.co.uk/hmos/berkshire/wokingham/,2,83,2.41%,8.14
https://ukplanningguide.co.uk/garden-rooms/greater-london/barnet/planning-permission/,2,83,2.41%,9.6
https://ukplanningguide.co.uk/change-of-use/derbyshire/derby/,2,83,2.41%,11.94
https://ukplanningguide.co.uk/fences-and-walls/essex/chelmsford/,2,82,2.44%,7.29
https://ukplanningguide.co.uk/conservation-areas/st-albans/,2,82,2.44%,7.44
https://ukplanningguide.co.uk/conservation-areas/bridgend/,2,82,2.44%,7.5
https://ukplanningguide.co.uk/garden-rooms/greater-london/croydon/,2,82,2.44%,9.34
https://ukplanningguide.co.uk/porches/greater-london/city-of-london/,2,81,2.47%,8
https://ukplanningguide.co.uk/dropped-kerbs/hertfordshire/broxbourne/,2,81,2.47%,8.73
https://ukplanningguide.co.uk/conservation-areas/mid-devon/,2,81,2.47%,9.95
https://ukplanningguide.co.uk/change-of-use/yorkshire/middlesbrough/planning-permission/,2,81,2.47%,16.81
https://ukplanningguide.co.uk/conservation-areas/cheltenham/,2,80,2.5%,7.99
https://ukplanningguide.co.uk/outbuildings/scotland/north-lanarkshire/,2,80,2.5%,8.24
https://ukplanningguide.co.uk/change-of-use/east-sussex/rother/,2,80,2.5%,19.24
https://ukplanningguide.co.uk/garden-rooms/greater-london/ealing/planning-permission/,2,79,2.53%,9.96
https://ukplanningguide.co.uk/dropped-kerbs/greater-london/barnet/boundary-rules/,2,78,2.56%,9.68
https://ukplanningguide.co.uk/permitted-development/north-east-derbyshire/,2,78,2.56%,24.58
https://ukplanningguide.co.uk/change-of-use/staffordshire/east-staffordshire/,2,77,2.6%,10.65
https://ukplanningguide.co.uk/planning-permission/erewash,2,77,2.6%,10.71
https://ukplanningguide.co.uk/garage-conversions/norfolk/south-norfolk/,2,77,2.6%,13.65
https://ukplanningguide.co.uk/garden-rooms/buckinghamshire/buckinghamshire/,2,77,2.6%,16.79
https://ukplanningguide.co.uk/conservation-areas/durham/,2,75,2.67%,7.65
https://ukplanningguide.co.uk/hmos/greater-london/hackney/,2,75,2.67%,7.77
https://ukplanningguide.co.uk/permitted-development/waltham-forest/,2,75,2.67%,8.67
https://ukplanningguide.co.uk/planning-permission/surrey-heath/,2,75,2.67%,9.77
https://ukplanningguide.co.uk/change-of-use/tyne-and-wear/south-tyneside/,2,75,2.67%,10.68
https://ukplanningguide.co.uk/planning-permission/kingston-upon-thames/,2,75,2.67%,20.69
https://ukplanningguide.co.uk/garden-rooms/greater-london/kingston-upon-thames/,2,74,2.7%,6.2
https://ukplanningguide.co.uk/fences-and-walls/northumberland/northumberland/,2,74,2.7%,6.41
https://ukplanningguide.co.uk/article-4/southampton/,2,74,2.7%,7.26
https://ukplanningguide.co.uk/article-4/darlington/,2,74,2.7%,8.96
https://ukplanningguide.co.uk/permitted-development/powys/,2,74,2.7%,20.7
https://ukplanningguide.co.uk/boundary-rules/stroud/,2,73,2.74%,10.3
https://ukplanningguide.co.uk/change-of-use/scotland/scottish-borders/planning-permission/,2,73,2.74%,10.92
https://ukplanningguide.co.uk/garages/scotland/dumfries-and-galloway/,2,73,2.74%,49.51
https://ukplanningguide.co.uk/fences-and-walls/yorkshire/north-yorkshire/boundary-rules/,2,72,2.78%,6.18
https://ukplanningguide.co.uk/dropped-kerbs/hertfordshire/three-rivers/,2,72,2.78%,6.94
https://ukplanningguide.co.uk/dropped-kerbs/west-sussex/horsham/,2,72,2.78%,13.68
https://ukplanningguide.co.uk/fences-and-walls/greater-london/hillingdon/planning-permission/,2,71,2.82%,4.85
https://ukplanningguide.co.uk/porches/greater-london/havering/planning-permission/,2,71,2.82%,6.14
https://ukplanningguide.co.uk/outbuildings/greater-london/harrow/height-limits/,2,71,2.82%,7.35
https://ukplanningguide.co.uk/fences-and-walls/surrey/elmbridge/article-4/,2,71,2.82%,7.37
https://ukplanningguide.co.uk/house-extensions/greater-london/hillingdon/height-limits-distance-from-boundary/,2,70,2.86%,8.97
https://ukplanningguide.co.uk/windows-and-doors/greater-london/islington/,2,70,2.86%,8.99
https://ukplanningguide.co.uk/change-of-use/greater-london/barnet/planning-permission/,2,70,2.86%,9.9
https://ukplanningguide.co.uk/dropped-kerbs/hertfordshire/watford/boundary-rules/,2,70,2.86%,11.34
https://ukplanningguide.co.uk/dropped-kerbs/kent/tonbridge-and-malling/,2,70,2.86%,13.19
https://ukplanningguide.co.uk/two-storey-extensions/yorkshire/bradford/,2,69,2.9%,6.38
https://ukplanningguide.co.uk/outbuildings/greater-london/brent/,2,69,2.9%,6.78
https://ukplanningguide.co.uk/garage-conversions/yorkshire/leeds/,2,69,2.9%,8.38
https://ukplanningguide.co.uk/permitted-development/bath-and-north-east-somerset/,2,68,2.94%,6.76
https://ukplanningguide.co.uk/conservation-areas/warwick/,2,68,2.94%,7.49
https://ukplanningguide.co.uk/conservation-areas/windsor-and-maidenhead/,2,68,2.94%,8.34
https://ukplanningguide.co.uk/outbuildings/wales/rhondda-cynon-taf/,2,68,2.94%,8.75
https://ukplanningguide.co.uk/change-of-use/greater-london/camden/planning-permission/,2,68,2.94%,11.25
https://ukplanningguide.co.uk/change-of-use/buckinghamshire/buckinghamshire/,2,68,2.94%,12.41
https://ukplanningguide.co.uk/hmos/greater-london/camden/,2,68,2.94%,12.72
https://ukplanningguide.co.uk/garden-rooms/worcestershire/wyre-forest/,2,68,2.94%,15.15
https://ukplanningguide.co.uk/driveways/suffolk/east-suffolk/,2,67,2.99%,6.97
https://ukplanningguide.co.uk/fences-and-walls/staffordshire/stoke-on-trent/planning-permission/,2,67,2.99%,7.58
https://ukplanningguide.co.uk/dropped-kerbs/worcestershire/wyre-forest/,2,67,2.99%,7.88
https://ukplanningguide.co.uk/dropped-kerbs/staffordshire/newcastle-under-lyme/,2,67,2.99%,8.16
https://ukplanningguide.co.uk/article-4/canterbury/,2,66,3.03%,8.12
https://ukplanningguide.co.uk/permitted-development/leicester/,2,66,3.03%,8.24
https://ukplanningguide.co.uk/conservation-areas/swindon/,2,66,3.03%,8.55
https://ukplanningguide.co.uk/garages/scotland/glasgow-city/,2,66,3.03%,14.14
https://ukplanningguide.co.uk/height-limits/bromley/,2,65,3.08%,6.18
https://ukplanningguide.co.uk/driveways/scotland/north-ayrshire/,2,65,3.08%,6.23
https://ukplanningguide.co.uk/permitted-development/south-lanarkshire/,2,65,3.08%,7.29
https://ukplanningguide.co.uk/fences-and-walls/scotland/city-of-edinburgh/boundary-rules/,2,65,3.08%,8.37
https://ukplanningguide.co.uk/conservation-areas/hastings/,2,65,3.08%,11.42
https://ukplanningguide.co.uk/house-extensions/berkshire/bracknell-forest/planning-permission/,2,64,3.12%,6.38
https://ukplanningguide.co.uk/change-of-use/hertfordshire/broxbourne/,2,64,3.12%,6.7
https://ukplanningguide.co.uk/fences-and-walls/tyne-and-wear/sunderland/maximum-height/,2,64,3.12%,6.86
https://ukplanningguide.co.uk/rear-extensions/yorkshire/sheffield/,2,64,3.12%,7.03
https://ukplanningguide.co.uk/garden-rooms/greater-london/wandsworth/planning-permission-article-4/,2,64,3.12%,7.28
https://ukplanningguide.co.uk/change-of-use/worcestershire/malvern-hills/planning-permission/,2,64,3.12%,7.69
https://ukplanningguide.co.uk/permitted-development/tewkesbury/,2,64,3.12%,7.7
https://ukplanningguide.co.uk/garden-rooms/surrey/elmbridge/,2,63,3.17%,5.92
https://ukplanningguide.co.uk/dropped-kerbs/wales/bridgend/,2,63,3.17%,7.76
https://ukplanningguide.co.uk/garden-rooms/bedfordshire/luton/,2,63,3.17%,8.35
https://ukplanningguide.co.uk/dropped-kerbs/northumberland/northumberland/,2,63,3.17%,9.76
https://ukplanningguide.co.uk/fences-and-walls/greater-london/hounslow/,2,63,3.17%,15.79
https://ukplanningguide.co.uk/loft-conversions/greater-london/newham/permitted-development/,2,63,3.17%,29.76
https://ukplanningguide.co.uk/permitted-development/wrexham/,2,63,3.17%,45.56
